,Fighter,Finish_Description,Method,Opponent,Passes,Round,Strikes,Sub_Attempts,Take_Downs,Time,WL,Weight
0,Chan Sung Jung,Punches,KO/TKO,Frankie Edgar,1,1,46,0,0,3:18,Win,Featherweight
1,Frankie Edgar,Punches,KO/TKO,Chan Sung Jung,0,1,9,0,0,3:18,Loss,Featherweight
2,Volkan Oezdemir,,S-DEC,Aleksandar Rakic,0,3,63,0,0,5:00,Win,Light Heavyweight
3,Aleksandar Rakic,,S-DEC,Volkan Oezdemir,0,3,75,1,1,5:00,Loss,Light Heavyweight
4,Charles Jourdain,Punches,KO/TKO,Dooho Choi,0,2,64,0,0,4:32,Win,Featherweight
5,Dooho Choi,Punches,KO/TKO,Charles Jourdain,0,2,42,0,0,4:32,Loss,Featherweight
6,Da-Un Jung,Punch,KO/TKO,Mike Rodriguez,0,1,5,0,0,1:04,Win,Light Heavyweight
7,Mike Rodriguez,Punch,KO/TKO,Da-Un Jung,0,1,4,0,0,1:04,Loss,Light Heavyweight
8,Junyong Park,,U-DEC,Marc-Andre Barriault,0,3,77,0,5,5:00,Win,Middleweight
9,Marc-Andre Barriault,,U-DEC,Junyong Park,0,3,51,0,0,5:00,Loss,Middleweight
10,Kyung Ho Kang,,S-DEC,Liu Pingyuan,2,3,20,0,3,5:00,Win,Bantamweight
11,Liu Pingyuan,,S-DEC,Kyung Ho Kang,0,3,25,0,0,5:00,Loss,Bantamweight
12,Ciryl Gane,,U-DEC,Tanner Boser,0,3,65,0,0,5:00,Win,Heavyweight
13,Tanner Boser,,U-DEC,Ciryl Gane,0,3,32,0,0,5:00,Loss,Heavyweight
14,SeungWoo Choi,,U-DEC,Suman Mokhtarian,2,3,95,0,0,5:00,Win,Featherweight
15,Suman Mokhtarian,,U-DEC,SeungWoo Choi,0,3,33,0,0,5:00,Loss,Featherweight
16,Omar Morales,,U-DEC,Dong Hyun Ma,3,3,32,0,1,5:00,Win,Lightweight
17,Dong Hyun Ma,,U-DEC,Omar Morales,0,3,15,0,0,5:00,Loss,Lightweight
18,Alexandre Pantoja,Punch,KO/TKO,Matt Schnell,1,1,34,0,1,4:17,Win,Flyweight
19,Matt Schnell,Punch,KO/TKO,Alexandre Pantoja,0,1,20,0,0,4:17,Loss,Flyweight
20,Raoni Barcelos,,U-DEC,Said Nurmagomedov,4,3,42,0,2,5:00,Win,Bantamweight
21,Said Nurmagomedov,,U-DEC,Raoni Barcelos,0,3,55,0,0,5:00,Loss,Bantamweight
22,Amanda Lemos,Rear Naked Choke,SUB,Miranda Granger,1,1,8,1,1,3:43,Win,Women's Strawweight
23,Miranda Granger,Rear Naked Choke,SUB,Amanda Lemos,0,1,4,0,0,3:43,Loss,Women's Strawweight
24,Heili Alateng,,S-DEC,Ryan Benoit,0,3,47,0,4,5:00,Win,Bantamweight
25,Ryan Benoit,,S-DEC,Heili Alateng,0,3,68,0,0,5:00,Loss,Bantamweight
26,Kamaru Usman,Punch,KO/TKO,Colby Covington,0,5,175,0,0,4:10,Win,Welterweight
27,Colby Covington,Punch,KO/TKO,Kamaru Usman,0,5,143,0,0,4:10,Loss,Welterweight
28,Alexander Volkanovski,,U-DEC,Max Holloway,0,5,157,0,0,5:00,Win,Featherweight
29,Max Holloway,,U-DEC,Alexander Volkanovski,0,5,134,0,0,5:00,Loss,Featherweight
30,Amanda Nunes,,U-DEC,Germaine de Randamie,5,5,79,2,8,5:00,Win,Women's Bantamweight
31,Germaine de Randamie,,U-DEC,Amanda Nunes,0,5,40,1,0,5:00,Loss,Women's Bantamweight
32,Marlon Moraes,,S-DEC,Jose Aldo,1,3,59,0,1,5:00,Win,Bantamweight
33,Jose Aldo,,S-DEC,Marlon Moraes,0,3,58,0,0,5:00,Loss,Bantamweight
34,Petr Yan,Kick,KO/TKO,Urijah Faber,1,3,54,0,2,0:43,Win,Bantamweight
35,Urijah Faber,Kick,KO/TKO,Petr Yan,0,3,18,0,0,0:43,Loss,Bantamweight
36,Geoff Neal,Punches,KO/TKO,Mike Perry,0,1,15,0,0,1:30,Win,Welterweight
37,Mike Perry,Punches,KO/TKO,Geoff Neal,0,1,5,0,0,1:30,Loss,Welterweight
38,Irene Aldana,Punch,KO/TKO,Ketlen Vieira,0,1,26,0,0,4:51,Win,Women's Bantamweight
39,Ketlen Vieira,Punch,KO/TKO,Irene Aldana,0,1,20,0,0,4:51,Loss,Women's Bantamweight
40,Omari Akhmedov,,U-DEC,Ian Heinisch,1,3,55,0,2,5:00,Win,Middleweight
41,Ian Heinisch,,U-DEC,Omari Akhmedov,0,3,53,0,3,5:00,Loss,Middleweight
42,Matt Brown,Punches,KO/TKO,Ben Saunders,3,2,30,0,2,4:55,Win,Welterweight
43,Ben Saunders,Punches,KO/TKO,Matt Brown,0,2,12,4,0,4:55,Loss,Welterweight
44,Chase Hooper,Elbows,KO/TKO,Daniel Teymur,2,1,20,2,1,4:34,Win,Featherweight
45,Daniel Teymur,Elbows,KO/TKO,Chase Hooper,0,1,2,1,0,4:34,Loss,Featherweight
46,Brandon Moreno,,U-DEC,Kai Kara-France,0,3,91,0,0,5:00,Win,Flyweight
47,Kai Kara-France,,U-DEC,Brandon Moreno,0,3,82,0,0,5:00,Loss,Flyweight
48,Jessica Eye,,U-DEC,Viviane Araujo,0,3,98,0,0,5:00,Win,Women's Flyweight
49,Viviane Araujo,,U-DEC,Jessica Eye,2,3,56,0,2,5:00,Loss,Women's Flyweight
50,Punahele Soriano,Punch,KO/TKO,Oskar Piechota,2,1,26,0,1,3:17,Win,Middleweight
51,Oskar Piechota,Punch,KO/TKO,Punahele Soriano,0,1,8,0,0,3:17,Loss,Middleweight
52,Jairzinho Rozenstruik,Punch,KO/TKO,Alistair Overeem,0,5,89,0,0,4:56,Win,Heavyweight
53,Alistair Overeem,Punch,KO/TKO,Jairzinho Rozenstruik,3,5,74,0,2,4:56,Loss,Heavyweight
54,Marina Rodriguez,,M-DEC,Cynthia Calvillo,0,3,56,0,0,5:00,Draw,Women's Strawweight
55,Cynthia Calvillo,,M-DEC,Marina Rodriguez,7,3,78,0,3,5:00,Draw,Women's Strawweight
56,Ben Rothwell,Punches,KO/TKO,Stefan Struve,0,2,58,0,0,4:57,Win,Heavyweight
57,Stefan Struve,Punches,KO/TKO,Ben Rothwell,0,2,53,0,0,4:57,Loss,Heavyweight
58,Aspen Ladd,Punches,KO/TKO,Yana Kunitskaya,3,3,47,0,2,0:33,Win,Women's Bantamweight
59,Yana Kunitskaya,Punches,KO/TKO,Aspen Ladd,0,3,47,0,0,0:33,Loss,Women's Bantamweight
60,Cody Stamann,,M-DEC,Song Yadong,6,3,41,0,5,5:00,Draw,Bantamweight
61,Song Yadong,,M-DEC,Cody Stamann,0,3,30,0,0,5:00,Draw,Bantamweight
62,Rob Font,,U-DEC,Ricky Simon,0,3,90,0,1,5:00,Win,Bantamweight
63,Ricky Simon,,U-DEC,Rob Font,3,3,59,0,6,5:00,Loss,Bantamweight
64,Tim Means,Guillotine Choke,SUB,Thiago Alves,0,1,23,1,0,2:38,Win,Welterweight
65,Thiago Alves,Guillotine Choke,SUB,Tim Means,0,1,13,0,0,2:38,Loss,Welterweight
66,Billy Quarantillo,Triangle Choke,SUB,Jacob Kilburn,9,2,74,5,1,3:18,Win,Featherweight
67,Jacob Kilburn,Triangle Choke,SUB,Billy Quarantillo,0,2,3,0,0,3:18,Loss,Featherweight
68,Bryce Mitchell,Other,SUB,Matt Sayles,5,1,6,1,1,4:20,Win,Featherweight
69,Matt Sayles,Other,SUB,Bryce Mitchell,0,1,2,0,0,4:20,Loss,Featherweight
70,Joe Solecki,,U-DEC,Matt Wiman,6,3,56,0,4,5:00,Win,Lightweight
71,Matt Wiman,,U-DEC,Joe Solecki,0,3,10,0,0,5:00,Loss,Lightweight
72,Virna Jandiroba,Rear Naked Choke,SUB,Mallory Martin,5,2,7,3,3,1:16,Win,Women's Strawweight
73,Mallory Martin,Rear Naked Choke,SUB,Virna Jandiroba,0,2,9,0,0,1:16,Loss,Women's Strawweight
74,Makhmud Muradov,Punch,KO/TKO,Trevor Smith,1,3,91,1,1,4:09,Win,Middleweight
75,Trevor Smith,Punch,KO/TKO,Makhmud Muradov,0,3,39,0,0,4:09,Loss,Middleweight
76,Jan Blachowicz,,S-DEC,Jacare Souza,0,5,71,0,0,5:00,Win,Light Heavyweight
77,Jacare Souza,,S-DEC,Jan Blachowicz,0,5,20,0,0,5:00,Loss,Light Heavyweight
78,Mauricio Rua,,S-DEC,Paul Craig,1,3,25,0,1,5:00,Draw,Light Heavyweight
79,Paul Craig,,S-DEC,Mauricio Rua,1,3,51,1,1,5:00,Draw,Light Heavyweight
80,Charles Oliveira,Punch,KO/TKO,Jared Gordon,0,1,10,0,0,1:26,Win,Lightweight
81,Jared Gordon,Punch,KO/TKO,Charles Oliveira,0,1,7,0,0,1:26,Loss,Lightweight
82,Andre Muniz,,U-DEC,Antonio Arroyo,2,3,22,2,3,5:00,Win,Middleweight
83,Antonio Arroyo,,U-DEC,Andre Muniz,0,3,29,0,1,5:00,Loss,Middleweight
84,Wellington Turman,,U-DEC,Markus Perez,1,3,48,0,2,5:00,Win,Middleweight
85,Markus Perez,,U-DEC,Wellington Turman,0,3,49,0,0,5:00,Loss,Middleweight
86,James Krause,Punch,KO/TKO,Sergio Moraes,1,3,102,0,0,4:19,Win,Welterweight
87,Sergio Moraes,Punch,KO/TKO,James Krause,1,3,41,0,1,4:19,Loss,Welterweight
88,Ricardo Ramos,Rear Naked Choke,SUB,Eduardo Garagorri,1,1,10,1,2,3:57,Win,Featherweight
89,Eduardo Garagorri,Rear Naked Choke,SUB,Ricardo Ramos,0,1,6,0,0,3:57,Loss,Featherweight
90,Francisco Trinaldo,,U-DEC,Bobby Green,0,3,31,1,1,5:00,Win,Lightweight
91,Bobby Green,,U-DEC,Francisco Trinaldo,4,3,50,0,2,5:00,Loss,Lightweight
92,Randy Brown,Triangle Choke,SUB,Warlley Alves,1,2,16,1,1,1:22,Win,Welterweight
93,Warlley Alves,Triangle Choke,SUB,Randy Brown,3,2,3,2,3,1:22,Loss,Welterweight
94,Douglas Silva de Andrade,,U-DEC,Renan Barao,0,3,74,0,0,5:00,Win,Featherweight
95,Renan Barao,,U-DEC,Douglas Silva de Andrade,1,3,58,0,2,5:00,Loss,Featherweight
96,Ariane Lipski,,U-DEC,Isabela de Padua,2,3,31,1,0,5:00,Win,Women's Flyweight
97,Isabela de Padua,,U-DEC,Ariane Lipski,0,3,15,1,2,5:00,Loss,Women's Flyweight
98,Tracy Cortez,,U-DEC,Vanessa Melo,1,3,79,0,2,5:00,Win,Women's Bantamweight
99,Vanessa Melo,,U-DEC,Tracy Cortez,0,3,40,0,0,5:00,Loss,Women's Bantamweight
100,Zabit Magomedsharipov,,U-DEC,Calvin Kattar,0,3,96,0,1,5:00,Win,Featherweight
101,Calvin Kattar,,U-DEC,Zabit Magomedsharipov,0,3,80,0,0,5:00,Loss,Featherweight
102,Alexander Volkov,,U-DEC,Greg Hardy,0,3,86,0,0,5:00,Win,Heavyweight
103,Greg Hardy,,U-DEC,Alexander Volkov,0,3,46,0,0,5:00,Loss,Heavyweight
104,Danny Roberts,Punch,KO/TKO,Zelim Imadaev,0,2,37,0,1,4:54,Win,Welterweight
105,Zelim Imadaev,Punch,KO/TKO,Danny Roberts,1,2,28,0,1,4:54,Loss,Welterweight
106,Ed Herman,,U-DEC,Khadis Ibragimov,0,3,81,0,0,5:00,Win,Light Heavyweight
107,Khadis Ibragimov,,U-DEC,Ed Herman,1,3,53,0,2,5:00,Loss,Light Heavyweight
108,Anthony Rocco Martin,,U-DEC,Ramazan Emeev,0,3,41,2,0,5:00,Win,Welterweight
109,Ramazan Emeev,,U-DEC,Anthony Rocco Martin,0,3,30,0,0,5:00,Loss,Welterweight
110,Shamil Gamzatov,,S-DEC,Klidson Abreu,0,3,64,0,0,5:00,Win,Light Heavyweight
111,Klidson Abreu,,S-DEC,Shamil Gamzatov,0,3,32,0,1,5:00,Loss,Light Heavyweight
112,Magomed Ankalaev,Kick,KO/TKO,Dalcha Lungiambula,1,3,44,0,1,0:29,Win,Light Heavyweight
113,Dalcha Lungiambula,Kick,KO/TKO,Magomed Ankalaev,0,3,6,0,0,0:29,Loss,Light Heavyweight
114,Rustam Khabilov,,U-DEC,Sergey Khandozhko,1,3,12,0,4,5:00,Win,Welterweight
115,Sergey Khandozhko,,U-DEC,Rustam Khabilov,0,3,25,0,0,5:00,Loss,Welterweight
116,Karl Roberson,Rear Naked Choke,SUB,Roman Kopylov,1,3,43,1,1,4:01,Win,Middleweight
117,Roman Kopylov,Rear Naked Choke,SUB,Karl Roberson,0,3,37,0,0,4:01,Loss,Middleweight
118,David Zawada,Triangle Choke,SUB,Abubakar Nurmagomedov,0,1,2,2,0,2:50,Win,Welterweight
119,Abubakar Nurmagomedov,Triangle Choke,SUB,David Zawada,1,1,4,0,1,2:50,Loss,Welterweight
120,Roosevelt Roberts,,U-DEC,Alexander Yakovlev,3,3,28,0,0,5:00,Win,Lightweight
121,Alexander Yakovlev,,U-DEC,Roosevelt Roberts,1,3,20,0,3,5:00,Loss,Lightweight
122,Pannie Kianzad,,U-DEC,Jessica-Rose Clark,0,3,98,0,0,5:00,Win,Women's Bantamweight
123,Jessica-Rose Clark,,U-DEC,Pannie Kianzad,0,3,65,0,0,5:00,Loss,Women's Bantamweight
124,Davey Grant,,S-DEC,Grigorii Popov,2,3,30,0,6,5:00,Win,Bantamweight
125,Grigorii Popov,,S-DEC,Davey Grant,1,3,35,0,0,5:00,Loss,Bantamweight
126,Jorge Masvidal,,KO/TKO,Nate Diaz,0,3,112,0,1,5:00,Win,Welterweight
127,Nate Diaz,,KO/TKO,Jorge Masvidal,0,3,43,0,0,5:00,Loss,Welterweight
128,Darren Till,,S-DEC,Kelvin Gastelum,0,3,36,0,1,5:00,Win,Middleweight
129,Kelvin Gastelum,,S-DEC,Darren Till,0,3,40,0,1,5:00,Loss,Middleweight
130,Stephen Thompson,,U-DEC,Vicente Luque,0,3,138,0,0,5:00,Win,Welterweight
131,Vicente Luque,,U-DEC,Stephen Thompson,0,3,77,0,0,5:00,Loss,Welterweight
132,Derrick Lewis,,S-DEC,Blagoy Ivanov,1,3,31,0,1,5:00,Win,Heavyweight
133,Blagoy Ivanov,,S-DEC,Derrick Lewis,3,3,20,1,3,5:00,Loss,Heavyweight
134,Kevin Lee,Kick,KO/TKO,Gregor Gillespie,0,1,21,0,0,2:47,Win,Lightweight
135,Gregor Gillespie,Kick,KO/TKO,Kevin Lee,0,1,9,0,0,2:47,Loss,Lightweight
136,Corey Anderson,Punches,KO/TKO,Johnny Walker,0,1,22,0,1,2:07,Win,Light Heavyweight
137,Johnny Walker,Punches,KO/TKO,Corey Anderson,0,1,1,0,0,2:07,Loss,Light Heavyweight
138,Shane Burgos,Punch,KO/TKO,Makwan Amirkhani,1,3,105,0,0,4:32,Win,Featherweight
139,Makwan Amirkhani,Punch,KO/TKO,Shane Burgos,0,3,22,1,3,4:32,Loss,Featherweight
140,Edmen Shahbazyan,Kick,KO/TKO,Brad Tavares,0,1,14,0,0,2:27,Win,Middleweight
141,Brad Tavares,Kick,KO/TKO,Edmen Shahbazyan,0,1,3,0,0,2:27,Loss,Middleweight
142,Jairzinho Rozenstruik,Punch,KO/TKO,Andrei Arlovski,0,1,5,0,0,0:29,Win,Heavyweight
143,Andrei Arlovski,Punch,KO/TKO,Jairzinho Rozenstruik,0,1,4,0,0,0:29,Loss,Heavyweight
144,Katlyn Chookagian,,U-DEC,Jennifer Maia,0,3,73,0,0,5:00,Win,Women's Flyweight
145,Jennifer Maia,,U-DEC,Katlyn Chookagian,1,3,58,0,1,5:00,Loss,Women's Flyweight
146,Lyman Good,Punch,KO/TKO,Chance Rencountre,0,3,68,0,0,2:03,Win,Welterweight
147,Chance Rencountre,Punch,KO/TKO,Lyman Good,0,3,23,0,0,2:03,Loss,Welterweight
148,Hakeem Dawodu,,S-DEC,Julio Arce,0,3,55,0,0,5:00,Win,Featherweight
149,Julio Arce,,S-DEC,Hakeem Dawodu,2,3,32,0,1,5:00,Loss,Featherweight
150,Demian Maia,Rear Naked Choke,SUB,Ben Askren,4,3,69,1,0,3:54,Win,Welterweight
151,Ben Askren,Rear Naked Choke,SUB,Demian Maia,1,3,63,0,4,3:54,Loss,Welterweight
152,Stevie Ray,,M-DEC,Michael Johnson,1,3,85,0,1,5:00,Win,Lightweight
153,Michael Johnson,,M-DEC,Stevie Ray,0,3,78,0,0,5:00,Loss,Lightweight
154,Beneil Dariush,Rear Naked Choke,SUB,Frank Camacho,1,1,13,1,2,2:02,Win,Lightweight
155,Frank Camacho,Rear Naked Choke,SUB,Beneil Dariush,0,1,3,0,0,2:02,Loss,Lightweight
156,Ciryl Gane,Heel Hook,SUB,Don'Tale Mayes,1,3,94,1,3,4:46,Win,Heavyweight
157,Don'Tale Mayes,Heel Hook,SUB,Ciryl Gane,0,3,32,0,0,4:46,Loss,Heavyweight
158,Muslim Salikhov,,U-DEC,Laureano Staropoli,0,3,63,0,3,5:00,Win,Welterweight
159,Laureano Staropoli,,U-DEC,Muslim Salikhov,0,3,42,0,0,5:00,Loss,Welterweight
160,Randa Markos,,S-DEC,Ashley Yoder,1,3,78,0,0,5:00,Win,Women's Strawweight
161,Ashley Yoder,,S-DEC,Randa Markos,3,3,44,0,2,5:00,Loss,Women's Strawweight
162,Rafael Fiziev,,U-DEC,Alex White,0,3,66,0,1,5:00,Win,Lightweight
163,Alex White,,U-DEC,Rafael Fiziev,0,3,55,0,0,5:00,Loss,Lightweight
164,Movsar Evloev,,U-DEC,Enrique Barzola,0,3,71,0,4,5:00,Win,Featherweight
165,Enrique Barzola,,U-DEC,Movsar Evloev,1,3,78,0,1,5:00,Loss,Featherweight
166,Sergei Pavlovich,Punches,KO/TKO,Maurice Greene,0,1,20,0,0,2:11,Win,Heavyweight
167,Maurice Greene,Punches,KO/TKO,Sergei Pavlovich,0,1,8,0,0,2:11,Loss,Heavyweight
168,Loma Lookboonmee,,S-DEC,Alexandra Albu,0,3,99,0,1,5:00,Win,Women's Strawweight
169,Alexandra Albu,,S-DEC,Loma Lookboonmee,0,3,65,0,1,5:00,Loss,Women's Strawweight
170,Raphael Pessoa,,U-DEC,Jeff Hughes,0,3,39,0,0,5:00,Win,Heavyweight
171,Jeff Hughes,,U-DEC,Raphael Pessoa,0,3,34,0,0,5:00,Loss,Heavyweight
172,Dominick Reyes,Punches,KO/TKO,Chris Weidman,0,1,8,0,0,1:43,Win,Light Heavyweight
173,Chris Weidman,Punches,KO/TKO,Dominick Reyes,0,1,3,0,1,1:43,Loss,Light Heavyweight
174,Yair Rodriguez,,U-DEC,Jeremy Stephens,0,3,96,0,0,5:00,Win,Featherweight
175,Jeremy Stephens,,U-DEC,Yair Rodriguez,1,3,50,0,3,5:00,Loss,Featherweight
176,Greg Hardy,,Overturned,Ben Sosoli,0,3,54,0,0,5:00,Draw,Heavyweight
177,Ben Sosoli,,Overturned,Greg Hardy,0,3,26,0,0,5:00,Draw,Heavyweight
178,Joe Lauzon,Punches,KO/TKO,Jonathan Pearce,2,1,25,0,1,1:33,Win,Lightweight
179,Jonathan Pearce,Punches,KO/TKO,Joe Lauzon,0,1,8,0,0,1:33,Loss,Lightweight
180,Maycee Barber,Punches,KO/TKO,Gillian Robertson,0,1,34,0,0,3:04,Win,Women's Flyweight
181,Gillian Robertson,Punches,KO/TKO,Maycee Barber,0,1,12,0,0,3:04,Loss,Women's Flyweight
182,Darren Stewart,,S-DEC,Deron Winn,0,3,57,0,1,5:00,Win,Middleweight
183,Deron Winn,,S-DEC,Darren Stewart,1,3,29,0,6,5:00,Loss,Middleweight
184,Charles Rosa,Armbar,SUB,Manny Bermudez,0,1,6,1,0,2:46,Win,Featherweight
185,Manny Bermudez,Armbar,SUB,Charles Rosa,1,1,27,0,1,2:46,Loss,Featherweight
186,Molly McCann,,U-DEC,Diana Belbita,5,3,113,1,5,5:00,Win,Women's Flyweight
187,Diana Belbita,,U-DEC,Molly McCann,0,3,98,0,1,5:00,Loss,Women's Flyweight
188,Sean Woodson,,U-DEC,Kyle Bochniak,0,3,111,0,0,5:00,Win,Featherweight
189,Kyle Bochniak,,U-DEC,Sean Woodson,0,3,42,0,1,5:00,Loss,Featherweight
190,Randy Costa,Punch,KO/TKO,Boston Salmon,0,1,22,0,0,2:15,Win,Bantamweight
191,Boston Salmon,Punch,KO/TKO,Randy Costa,0,1,12,0,0,2:15,Loss,Bantamweight
192,Sean Brady,,U-DEC,Court McGee,0,3,119,0,2,5:00,Win,Welterweight
193,Court McGee,,U-DEC,Sean Brady,0,3,107,0,0,5:00,Loss,Welterweight
194,Brendan Allen,Rear Naked Choke,SUB,Kevin Holland,5,2,10,4,2,3:38,Win,Middleweight
195,Kevin Holland,Rear Naked Choke,SUB,Brendan Allen,2,2,22,1,1,3:38,Loss,Middleweight
196,Tanner Boser,,U-DEC,Daniel Spitz,0,3,93,0,0,5:00,Win,Heavyweight
197,Daniel Spitz,,U-DEC,Tanner Boser,0,3,32,0,0,5:00,Loss,Heavyweight
198,Joanna Jedrzejczyk,,U-DEC,Michelle Waterson,0,5,180,1,3,5:00,Win,Women's Strawweight
199,Michelle Waterson,,U-DEC,Joanna Jedrzejczyk,1,5,58,1,1,5:00,Loss,Women's Strawweight
200,Cub Swanson,,U-DEC,Kron Gracie,0,3,135,0,0,5:00,Win,Featherweight
201,Kron Gracie,,U-DEC,Cub Swanson,0,3,86,0,0,5:00,Loss,Featherweight
202,Niko Price,Kick,KO/TKO,James Vick,1,1,11,0,0,1:44,Win,Welterweight
203,James Vick,Kick,KO/TKO,Niko Price,0,1,9,0,0,1:44,Loss,Welterweight
204,Amanda Ribas,,U-DEC,Mackenzie Dern,0,3,74,0,2,5:00,Win,Women's Strawweight
205,Mackenzie Dern,,U-DEC,Amanda Ribas,0,3,20,0,0,5:00,Loss,Women's Strawweight
206,Matt Frevola,,S-DEC,Luis Pena,1,3,48,0,4,5:00,Win,Lightweight
207,Luis Pena,,S-DEC,Matt Frevola,1,3,51,2,1,5:00,Loss,Lightweight
208,Eryk Anders,,S-DEC,Gerald Meerschaert,0,3,64,0,0,5:00,Win,Middleweight
209,Gerald Meerschaert,,S-DEC,Eryk Anders,0,3,72,0,0,5:00,Loss,Middleweight
210,Ryan Spann,Guillotine Choke,SUB,Devin Clark,0,2,17,1,0,2:01,Win,Light Heavyweight
211,Devin Clark,Guillotine Choke,SUB,Ryan Spann,0,2,17,0,2,2:01,Loss,Light Heavyweight
212,Mike Davis,Punch,KO/TKO,Thomas Gifford,1,3,139,0,2,4:45,Win,Lightweight
213,Thomas Gifford,Punch,KO/TKO,Mike Davis,0,3,88,0,0,4:45,Loss,Lightweight
214,Alex Morono,,U-DEC,Max Griffin,0,3,81,0,0,5:00,Win,Welterweight
215,Max Griffin,,U-DEC,Alex Morono,1,3,75,0,4,5:00,Loss,Welterweight
216,Deiveson Figueiredo,Guillotine Choke,SUB,Tim Elliott,0,1,8,1,0,3:08,Win,Flyweight
217,Tim Elliott,Guillotine Choke,SUB,Deiveson Figueiredo,0,1,26,0,1,3:08,Loss,Flyweight
218,Marlon Vera,Elbows,KO/TKO,Andre Ewell,0,3,80,2,0,3:17,Win,Bantamweight
219,Andre Ewell,Elbows,KO/TKO,Marlon Vera,0,3,50,0,0,3:17,Loss,Bantamweight
220,Miguel Baeza,Kick,KO/TKO,Hector Aldana,0,2,35,0,1,2:32,Win,Welterweight
221,Hector Aldana,Kick,KO/TKO,Miguel Baeza,0,2,8,0,0,2:32,Loss,Welterweight
222,Marvin Vettori,,U-DEC,Andrew Sanchez,0,3,85,0,0,5:00,Win,Middleweight
223,Andrew Sanchez,,U-DEC,Marvin Vettori,0,3,39,0,0,5:00,Loss,Middleweight
224,JJ Aldrich,,U-DEC,Lauren Mueller,1,3,74,0,1,5:00,Win,Women's Flyweight
225,Lauren Mueller,,U-DEC,JJ Aldrich,0,3,54,0,1,5:00,Loss,Women's Flyweight
226,Israel Adesanya,Punch,KO/TKO,Robert Whittaker,0,2,40,0,0,3:33,Win,Middleweight
227,Robert Whittaker,Punch,KO/TKO,Israel Adesanya,0,2,32,0,0,3:33,Loss,Middleweight
228,Dan Hooker,,U-DEC,Al Iaquinta,2,3,98,0,0,5:00,Win,Lightweight
229,Al Iaquinta,,U-DEC,Dan Hooker,0,3,37,0,0,5:00,Loss,Lightweight
230,Serghei Spivac,Arm Triangle,SUB,Tai Tuivasa,6,2,23,1,6,3:14,Win,Heavyweight
231,Tai Tuivasa,Arm Triangle,SUB,Serghei Spivac,0,2,21,0,0,3:14,Loss,Heavyweight
232,Dhiego Lima,,S-DEC,Luke Jumeau,0,3,32,0,2,5:00,Win,Welterweight
233,Luke Jumeau,,S-DEC,Dhiego Lima,0,3,24,0,0,5:00,Loss,Welterweight
234,Yorgan De Castro,Punch,KO/TKO,Justin Tafa,0,1,4,0,0,2:10,Win,Heavyweight
235,Justin Tafa,Punch,KO/TKO,Yorgan De Castro,0,1,6,0,0,2:10,Loss,Heavyweight
236,Jake Matthews,,U-DEC,Rostem Akman,0,3,59,0,0,5:00,Win,Welterweight
237,Rostem Akman,,U-DEC,Jake Matthews,0,3,15,0,0,5:00,Loss,Welterweight
238,Callan Potter,,U-DEC,Maki Pitolo,4,3,48,0,3,5:00,Win,Welterweight
239,Maki Pitolo,,U-DEC,Callan Potter,1,3,60,1,0,5:00,Loss,Welterweight
240,Brad Riddell,,U-DEC,Jamie Mullarkey,5,3,91,0,1,5:00,Win,Lightweight
241,Jamie Mullarkey,,U-DEC,Brad Riddell,2,3,36,1,3,5:00,Loss,Lightweight
242,Megan Anderson,Triangle Choke,SUB,Zarah Fairn,2,1,10,1,1,3:57,Win,Women's Featherweight
243,Zarah Fairn,Triangle Choke,SUB,Megan Anderson,0,1,2,0,0,3:57,Loss,Women's Featherweight
244,Ji Yeon Kim,Punch,KO/TKO,Nadia Kassem,0,2,80,0,0,4:59,Win,Women's Flyweight
245,Nadia Kassem,Punch,KO/TKO,Ji Yeon Kim,0,2,45,0,1,4:59,Loss,Women's Flyweight
246,Khalid Taha,Arm Triangle,SUB,Bruno Silva,1,3,38,1,0,3:00,Win,Bantamweight
247,Bruno Silva,Arm Triangle,SUB,Khalid Taha,1,3,20,0,2,3:00,Loss,Bantamweight
248,Jared Cannonier,Punch,KO/TKO,Jack Hermansson,1,2,28,0,0,0:27,Win,Middleweight
249,Jack Hermansson,Punch,KO/TKO,Jared Cannonier,1,2,20,0,1,0:27,Loss,Middleweight
250,Mark Madsen,Punches,KO/TKO,Danilo Belluardo,1,1,22,0,1,1:12,Win,Lightweight
251,Danilo Belluardo,Punches,KO/TKO,Mark Madsen,0,1,0,0,0,1:12,Loss,Lightweight
252,Gilbert Burns,,U-DEC,Gunnar Nelson,1,3,30,1,1,5:00,Win,Welterweight
253,Gunnar Nelson,,U-DEC,Gilbert Burns,0,3,20,0,0,5:00,Loss,Welterweight
254,Ion Cutelaba,Elbows,KO/TKO,Khalil Rountree Jr.,1,1,15,0,4,2:35,Win,Light Heavyweight
255,Khalil Rountree Jr.,Elbows,KO/TKO,Ion Cutelaba,0,1,5,0,0,2:35,Loss,Light Heavyweight
256,Ovince Saint Preux,Other - Choke,SUB,Michal Oleksiejczuk,2,2,14,1,1,2:46,Win,Light Heavyweight
257,Michal Oleksiejczuk,Other - Choke,SUB,Ovince Saint Preux,0,2,37,0,0,2:46,Loss,Light Heavyweight
258,Nicolas Dalby,,U-DEC,Alex Oliveira,4,3,31,0,1,5:00,Win,Welterweight
259,Alex Oliveira,,U-DEC,Nicolas Dalby,1,3,18,0,3,5:00,Loss,Welterweight
260,John Phillips,Punch,KO/TKO,Alen Amedovski,0,1,5,0,0,0:17,Win,Middleweight
261,Alen Amedovski,Punch,KO/TKO,John Phillips,0,1,2,0,0,0:17,Loss,Middleweight
262,Makhmud Muradov,,U-DEC,Alessio Di Chirico,0,3,54,0,0,5:00,Win,Middleweight
263,Alessio Di Chirico,,U-DEC,Makhmud Muradov,0,3,36,0,0,5:00,Loss,Middleweight
264,Ismail Naurdiev,,U-DEC,Siyar Bahadurzada,3,3,69,0,3,5:00,Win,Welterweight
265,Siyar Bahadurzada,,U-DEC,Ismail Naurdiev,0,3,12,0,0,5:00,Loss,Welterweight
266,Giga Chikadze,,S-DEC,Brandon Davis,1,3,59,0,1,5:00,Win,Featherweight
267,Brandon Davis,,S-DEC,Giga Chikadze,4,3,34,0,3,5:00,Loss,Featherweight
268,Lina Lansberg,,U-DEC,Macy Chiasson,3,3,21,0,2,5:00,Win,Women's Bantamweight
269,Macy Chiasson,,U-DEC,Lina Lansberg,0,3,26,0,0,5:00,Loss,Women's Bantamweight
270,Marc Diakiese,,U-DEC,Lando Vannata,1,3,40,0,4,5:00,Win,Lightweight
271,Lando Vannata,,U-DEC,Marc Diakiese,0,3,25,0,0,5:00,Loss,Lightweight
272,Jack Shore,Rear Naked Choke,SUB,Nohelin Hernandez,11,3,46,1,4,2:51,Win,Bantamweight
273,Nohelin Hernandez,Rear Naked Choke,SUB,Jack Shore,0,3,6,0,0,2:51,Loss,Bantamweight
274,Yair Rodriguez,,CNC,Jeremy Stephens,0,1,2,0,0,0:15,Draw,Featherweight
275,Jeremy Stephens,,CNC,Yair Rodriguez,0,1,0,0,0,0:15,Draw,Featherweight
276,Carla Esparza,,M-DEC,Alexa Grasso,1,3,44,0,4,5:00,Win,Women's Strawweight
277,Alexa Grasso,,M-DEC,Carla Esparza,0,3,45,1,0,5:00,Loss,Women's Strawweight
278,Brandon Moreno,,S-DEC,Askar Askarov,1,3,34,0,1,5:00,Draw,Flyweight
279,Askar Askarov,,S-DEC,Brandon Moreno,4,3,30,0,4,5:00,Draw,Flyweight
280,Irene Aldana,,U-DEC,Vanessa Melo,0,3,125,0,0,5:00,Win,Women's Bantamweight
281,Vanessa Melo,,U-DEC,Irene Aldana,0,3,68,0,0,5:00,Loss,Women's Bantamweight
282,Steven Peterson,Spinning Back Fist,KO/TKO,Martin Bravo,0,2,49,0,0,1:31,Win,Featherweight
283,Martin Bravo,Spinning Back Fist,KO/TKO,Steven Peterson,0,2,86,0,2,1:31,Loss,Featherweight
284,Jose Quinonez,,U-DEC,Carlos Huachin,2,3,60,0,2,5:00,Win,Bantamweight
285,Carlos Huachin,,U-DEC,Jose Quinonez,0,3,32,0,0,5:00,Loss,Bantamweight
286,Kyle Nelson,Punch,KO/TKO,Polo Reyes,0,1,12,0,0,1:36,Win,Featherweight
287,Polo Reyes,Punch,KO/TKO,Kyle Nelson,0,1,6,0,0,1:36,Loss,Featherweight
288,Angela Hill,Elbow,KO/TKO,Ariane Carnelossi,0,3,92,0,0,1:56,Win,Women's Strawweight
289,Ariane Carnelossi,Elbow,KO/TKO,Angela Hill,0,3,72,0,0,1:56,Loss,Women's Strawweight
290,Sergio Pettis,,U-DEC,Tyson Nam,0,3,96,0,0,5:00,Win,Flyweight
291,Tyson Nam,,U-DEC,Sergio Pettis,0,3,40,0,0,5:00,Loss,Flyweight
292,Paul Craig,Rear Naked Choke,SUB,Vinicius Moreira,1,1,18,1,1,3:19,Win,Light Heavyweight
293,Vinicius Moreira,Rear Naked Choke,SUB,Paul Craig,0,1,1,0,0,3:19,Loss,Light Heavyweight
294,Bethe Correia,,U-DEC,Sijara Eubanks,0,3,59,0,0,5:00,Win,Women's Bantamweight
295,Sijara Eubanks,,U-DEC,Bethe Correia,1,3,77,0,1,5:00,Loss,Women's Bantamweight
296,Claudio Puelles,,U-DEC,Marcos Mariano,7,3,22,2,4,5:00,Win,Lightweight
297,Marcos Mariano,,U-DEC,Claudio Puelles,0,3,2,0,0,5:00,Loss,Lightweight
298,Justin Gaethje,Punch,KO/TKO,Donald Cerrone,0,1,40,0,0,4:18,Win,Lightweight
299,Donald Cerrone,Punch,KO/TKO,Justin Gaethje,0,1,17,0,0,4:18,Loss,Lightweight
300,Glover Teixeira,,S-DEC,Nikita Krylov,4,3,43,2,1,5:00,Win,Light Heavyweight
301,Nikita Krylov,,S-DEC,Glover Teixeira,5,3,47,1,2,5:00,Loss,Light Heavyweight
302,Todd Duffee,,CNC,Jeff Hughes,0,1,30,0,1,4:03,Draw,Heavyweight
303,Jeff Hughes,,CNC,Todd Duffee,0,1,16,0,0,4:03,Draw,Heavyweight
304,Tristan Connelly,,U-DEC,Michel Pereira,3,3,64,1,0,5:00,Win,Welterweight
305,Michel Pereira,,U-DEC,Tristan Connelly,0,3,32,0,2,5:00,Loss,Welterweight
306,Uriah Hall,,S-DEC,Antonio Carlos Junior,1,3,34,0,0,5:00,Win,Middleweight
307,Antonio Carlos Junior,,S-DEC,Uriah Hall,2,3,22,0,3,5:00,Loss,Middleweight
308,Misha Cirkunov,Peruvian Necktie,SUB,Jimmy Crute,4,1,6,1,1,3:38,Win,Light Heavyweight
309,Jimmy Crute,Peruvian Necktie,SUB,Misha Cirkunov,0,1,21,0,0,3:38,Loss,Light Heavyweight
310,Augusto Sakai,Punches,KO/TKO,Marcin Tybura,0,1,15,0,0,0:59,Win,Heavyweight
311,Marcin Tybura,Punches,KO/TKO,Augusto Sakai,0,1,6,0,0,0:59,Loss,Heavyweight
312,Miles Johns,,S-DEC,Cole Smith,2,3,31,0,1,5:00,Win,Bantamweight
313,Cole Smith,,S-DEC,Miles Johns,2,3,11,0,1,5:00,Loss,Bantamweight
314,Hunter Azure,,U-DEC,Brad Katona,1,3,41,0,0,5:00,Win,Bantamweight
315,Brad Katona,,U-DEC,Hunter Azure,1,3,21,0,3,5:00,Loss,Bantamweight
316,Chas Skelly,,U-DEC,Jordan Griffin,3,3,21,3,1,5:00,Win,Featherweight
317,Jordan Griffin,,U-DEC,Chas Skelly,3,3,37,2,1,5:00,Loss,Featherweight
318,Louis Smolka,Punch,KO/TKO,Ryan MacDonald,0,1,59,0,0,4:43,Win,Bantamweight
319,Ryan MacDonald,Punch,KO/TKO,Louis Smolka,0,1,30,0,0,4:43,Loss,Bantamweight
320,Austin Hubbard,,U-DEC,Kyle Prepolec,4,3,51,0,3,5:00,Win,Lightweight
321,Kyle Prepolec,,U-DEC,Austin Hubbard,0,3,44,0,0,5:00,Loss,Lightweight
322,Khabib Nurmagomedov,Rear Naked Choke,SUB,Dustin Poirier,5,3,22,2,7,2:06,Win,Lightweight
323,Dustin Poirier,Rear Naked Choke,SUB,Khabib Nurmagomedov,0,3,12,1,0,2:06,Loss,Lightweight
324,Paul Felder,,S-DEC,Edson Barboza,0,3,56,0,0,5:00,Win,Lightweight
325,Edson Barboza,,S-DEC,Paul Felder,0,3,60,0,1,5:00,Loss,Lightweight
326,Islam Makhachev,,U-DEC,Davi Ramos,0,3,43,0,0,5:00,Win,Lightweight
327,Davi Ramos,,U-DEC,Islam Makhachev,0,3,7,0,0,5:00,Loss,Lightweight
328,Curtis Blaydes,Elbow,KO/TKO,Shamil Abdurakhimov,3,2,25,0,5,2:22,Win,Heavyweight
329,Shamil Abdurakhimov,Elbow,KO/TKO,Curtis Blaydes,0,2,3,0,0,2:22,Loss,Heavyweight
330,Diego Ferreira,,U-DEC,Mairbek Taisumov,0,3,109,0,0,5:00,Win,Lightweight
331,Mairbek Taisumov,,U-DEC,Diego Ferreira,0,3,51,0,0,5:00,Loss,Lightweight
332,Joanne Calderwood,,S-DEC,Andrea Lee,1,3,101,0,2,5:00,Win,Women's Flyweight
333,Andrea Lee,,S-DEC,Joanne Calderwood,2,3,61,0,3,5:00,Loss,Women's Flyweight
334,Zubaira Tukhugov,,S-DEC,Lerone Murphy,2,3,22,0,6,5:00,Draw,Featherweight
335,Lerone Murphy,,S-DEC,Zubaira Tukhugov,1,3,28,2,0,5:00,Draw,Featherweight
336,Sarah Moras,Elbows,KO/TKO,Liana Jojua,1,3,44,1,0,2:26,Win,Women's Bantamweight
337,Liana Jojua,Elbows,KO/TKO,Sarah Moras,0,3,19,0,2,2:26,Loss,Women's Bantamweight
338,Ottman Azaitar,Punch,KO/TKO,Teemu Packalen,0,1,27,0,0,3:33,Win,Lightweight
339,Teemu Packalen,Punch,KO/TKO,Ottman Azaitar,0,1,8,0,0,3:33,Loss,Lightweight
340,Belal Muhammad,Rear Naked Choke,SUB,Takashi Sato,2,3,49,1,2,1:55,Win,Welterweight
341,Takashi Sato,Rear Naked Choke,SUB,Belal Muhammad,1,3,29,0,1,1:55,Loss,Welterweight
342,Muslim Salikhov,Punch,KO/TKO,Nordine Taleb,0,1,10,0,0,4:26,Win,Welterweight
343,Nordine Taleb,Punch,KO/TKO,Muslim Salikhov,0,1,6,0,0,4:26,Loss,Welterweight
344,Omari Akhmedov,,U-DEC,Zak Cummings,3,3,26,0,2,5:00,Win,Middleweight
345,Zak Cummings,,U-DEC,Omari Akhmedov,0,3,17,0,0,5:00,Loss,Middleweight
346,Don Madge,,U-DEC,Fares Ziam,2,3,21,0,3,5:00,Win,Lightweight
347,Fares Ziam,,U-DEC,Don Madge,0,3,10,0,0,5:00,Loss,Lightweight
348,Weili Zhang,Punch,KO/TKO,Jessica Andrade,0,1,29,0,0,0:42,Win,Women's Strawweight
349,Jessica Andrade,Punch,KO/TKO,Weili Zhang,0,1,4,0,0,0:42,Loss,Women's Strawweight
350,Jingliang Li,Punches,KO/TKO,Elizeu Zaleski dos Santos,0,3,59,0,2,4:51,Win,Welterweight
351,Elizeu Zaleski dos Santos,Punches,KO/TKO,Jingliang Li,0,3,54,0,0,4:51,Loss,Welterweight
352,Kai Kara-France,,U-DEC,Mark De La Rosa,0,3,91,0,1,5:00,Win,Flyweight
353,Mark De La Rosa,,U-DEC,Kai Kara-France,0,3,60,0,1,5:00,Loss,Flyweight
354,Kenan Song,,U-DEC,Derrick Krantz,0,3,58,0,0,5:00,Win,Welterweight
355,Derrick Krantz,,U-DEC,Kenan Song,3,3,33,1,3,5:00,Loss,Welterweight
356,Mizuki Inoue,,S-DEC,Yanan Wu,0,3,93,0,0,5:00,Win,Women's Flyweight
357,Yanan Wu,,S-DEC,Mizuki Inoue,0,3,123,0,0,5:00,Loss,Women's Flyweight
358,Anthony Hernandez,Anaconda Choke,SUB,Junyong Park,1,2,59,1,6,4:39,Win,Middleweight
359,Junyong Park,Anaconda Choke,SUB,Anthony Hernandez,0,2,81,0,0,4:39,Loss,Middleweight
360,Su Mudaerji,,U-DEC,Andre Soukhamthath,3,3,93,0,1,5:00,Win,Bantamweight
361,Andre Soukhamthath,,U-DEC,Su Mudaerji,0,3,23,0,0,5:00,Loss,Bantamweight
362,Da-Un Jung,Guillotine Choke,SUB,Khadis Ibragimov,0,3,81,1,0,1:59,Win,Light Heavyweight
363,Khadis Ibragimov,Guillotine Choke,SUB,Da-Un Jung,1,3,88,0,1,1:59,Loss,Light Heavyweight
364,Damir Ismagulov,,U-DEC,Thiago Moises,0,3,71,0,0,5:00,Win,Lightweight
365,Thiago Moises,,U-DEC,Damir Ismagulov,0,3,36,0,0,5:00,Loss,Lightweight
366,Heili Alateng,,U-DEC,Danaa Batgerel,2,3,36,0,3,5:00,Win,Bantamweight
367,Danaa Batgerel,,U-DEC,Heili Alateng,0,3,85,0,0,5:00,Loss,Bantamweight
368,Karol Rosa,,S-DEC,Lara Procopio,0,3,171,0,0,5:00,Win,Women's Bantamweight
369,Lara Procopio,,S-DEC,Karol Rosa,0,3,165,0,0,5:00,Loss,Women's Bantamweight
370,Stipe Miocic,Punches,KO/TKO,Daniel Cormier,0,4,123,0,1,4:09,Win,Heavyweight
371,Daniel Cormier,Punches,KO/TKO,Stipe Miocic,2,4,181,0,1,4:09,Loss,Heavyweight
372,Nate Diaz,,U-DEC,Anthony Pettis,4,3,114,0,1,5:00,Win,Welterweight
373,Anthony Pettis,,U-DEC,Nate Diaz,0,3,69,1,0,5:00,Loss,Welterweight
374,Paulo Costa,,U-DEC,Yoel Romero,0,3,118,0,0,5:00,Win,Middleweight
375,Yoel Romero,,U-DEC,Paulo Costa,0,3,125,0,1,5:00,Loss,Middleweight
376,Sodiq Yusuff,Punch,KO/TKO,Gabriel Benitez,0,1,34,0,0,4:14,Win,Featherweight
377,Gabriel Benitez,Punch,KO/TKO,Sodiq Yusuff,0,1,24,0,0,4:14,Loss,Featherweight
378,Derek Brunson,,U-DEC,Ian Heinisch,1,3,81,0,2,5:00,Win,Middleweight
379,Ian Heinisch,,U-DEC,Derek Brunson,0,3,58,0,0,5:00,Loss,Middleweight
380,Khama Worthy,Punch,KO/TKO,Devonte Smith,0,1,21,0,0,4:15,Win,Lightweight
381,Devonte Smith,Punch,KO/TKO,Khama Worthy,0,1,15,0,0,4:15,Loss,Lightweight
382,Cory Sandhagen,,U-DEC,Raphael Assuncao,0,3,62,0,0,5:00,Win,Bantamweight
383,Raphael Assuncao,,U-DEC,Cory Sandhagen,0,3,45,0,4,5:00,Loss,Bantamweight
384,Drakkar Klose,,U-DEC,Christos Giagos,2,3,99,0,2,5:00,Win,Lightweight
385,Christos Giagos,,U-DEC,Drakkar Klose,2,3,87,1,2,5:00,Loss,Lightweight
386,Casey Kenney,,U-DEC,Manny Bermudez,7,3,43,1,2,5:00,Win,Catch Weight
387,Manny Bermudez,,U-DEC,Casey Kenney,6,3,37,0,3,5:00,Loss,Catch Weight
388,Hannah Cifers,,U-DEC,Jodie Esquibel,0,3,70,1,1,5:00,Win,Women's Strawweight
389,Jodie Esquibel,,U-DEC,Hannah Cifers,0,3,43,0,3,5:00,Loss,Women's Strawweight
390,Kyung Ho Kang,,S-DEC,Brandon Davis,3,3,50,0,3,5:00,Win,Bantamweight
391,Brandon Davis,,S-DEC,Kyung Ho Kang,0,3,77,0,1,5:00,Loss,Bantamweight
392,Sabina Mazo,,U-DEC,Shana Dobson,3,3,108,0,4,5:00,Win,Women's Flyweight
393,Shana Dobson,,U-DEC,Sabina Mazo,0,3,33,0,0,5:00,Loss,Women's Flyweight
394,Valentina Shevchenko,,U-DEC,Liz Carmouche,3,5,42,0,1,5:00,Win,Women's Flyweight
395,Liz Carmouche,,U-DEC,Valentina Shevchenko,0,5,18,0,0,5:00,Loss,Women's Flyweight
396,Vicente Luque,,S-DEC,Mike Perry,0,3,84,1,0,5:00,Win,Welterweight
397,Mike Perry,,S-DEC,Vicente Luque,0,3,87,0,0,5:00,Loss,Welterweight
398,Eduardo Garagorri,,U-DEC,Humberto Bandenay,1,3,65,0,1,5:00,Win,Featherweight
399,Humberto Bandenay,,U-DEC,Eduardo Garagorri,2,3,32,0,4,5:00,Loss,Featherweight
400,Volkan Oezdemir,Punch,KO/TKO,Ilir Latifi,0,2,64,0,0,4:31,Win,Light Heavyweight
401,Ilir Latifi,Punch,KO/TKO,Volkan Oezdemir,0,2,18,0,1,4:31,Loss,Light Heavyweight
402,Rodolfo Vieira,Arm Triangle,SUB,Oskar Piechota,4,2,18,1,3,4:26,Win,Middleweight
403,Oskar Piechota,Arm Triangle,SUB,Rodolfo Vieira,0,2,22,0,0,4:26,Loss,Middleweight
404,Enrique Barzola,,S-DEC,Bobby Moffett,0,3,83,0,3,5:00,Win,Featherweight
405,Bobby Moffett,,S-DEC,Enrique Barzola,0,3,90,0,0,5:00,Loss,Featherweight
406,Gilbert Burns,,U-DEC,Aleksei Kunchenko,2,3,42,0,3,5:00,Win,Welterweight
407,Aleksei Kunchenko,,U-DEC,Gilbert Burns,0,3,47,0,0,5:00,Loss,Welterweight
408,Ciryl Gane,Arm Triangle,SUB,Raphael Pessoa,1,1,15,1,0,4:12,Win,Heavyweight
409,Raphael Pessoa,Arm Triangle,SUB,Ciryl Gane,0,1,7,0,0,4:12,Loss,Heavyweight
410,Marina Rodriguez,,U-DEC,Tecia Torres,0,3,84,1,1,5:00,Win,Women's Strawweight
411,Tecia Torres,,U-DEC,Marina Rodriguez,0,3,41,0,0,5:00,Loss,Women's Strawweight
412,Rogerio Bontorin,,KO/TKO,Raulian Paiva,1,1,8,0,2,2:56,Win,Flyweight
413,Raulian Paiva,,KO/TKO,Rogerio Bontorin,0,1,3,0,0,2:56,Loss,Flyweight
414,Chris Gutierrez,,S-DEC,Geraldo de Freitas,0,3,48,0,1,5:00,Win,Bantamweight
415,Geraldo de Freitas,,S-DEC,Chris Gutierrez,4,3,40,0,2,5:00,Loss,Bantamweight
416,Alex Da Silva,,U-DEC,Kazula Vargas,4,3,17,0,3,5:00,Win,Lightweight
417,Kazula Vargas,,U-DEC,Alex Da Silva,0,3,20,0,0,5:00,Loss,Lightweight
418,Veronica Macedo,Armbar,SUB,Polyana Viana,0,1,1,1,0,1:09,Win,Women's Flyweight
419,Polyana Viana,Armbar,SUB,Veronica Macedo,1,1,1,0,1,1:09,Loss,Women's Flyweight
420,Colby Covington,,U-DEC,Robbie Lawler,0,5,179,0,10,5:00,Win,Welterweight
421,Robbie Lawler,,U-DEC,Colby Covington,0,5,78,0,0,5:00,Loss,Welterweight
422,Jim Miller,Guillotine Choke,SUB,Clay Guida,0,1,2,1,0,0:58,Win,Lightweight
423,Clay Guida,Guillotine Choke,SUB,Jim Miller,0,1,2,0,0,0:58,Loss,Lightweight
424,Nasrat Haqparast,Punch,KO/TKO,Joaquim Silva,0,2,21,0,0,0:36,Win,Lightweight
425,Joaquim Silva,Punch,KO/TKO,Nasrat Haqparast,0,2,15,0,0,0:36,Loss,Lightweight
426,Gerald Meerschaert,Guillotine Choke,SUB,Trevin Giles,2,3,6,1,1,1:49,Win,Middleweight
427,Trevin Giles,Guillotine Choke,SUB,Gerald Meerschaert,5,3,8,0,1,1:49,Loss,Middleweight
428,Scott Holtzman,,KO/TKO,Dong Hyun Ma,3,2,44,0,1,5:00,Win,Lightweight
429,Dong Hyun Ma,,KO/TKO,Scott Holtzman,0,2,16,0,1,5:00,Loss,Lightweight
430,Kennedy Nzechukwu,,U-DEC,Darko Stosic,0,3,50,0,0,5:00,Win,Light Heavyweight
431,Darko Stosic,,U-DEC,Kennedy Nzechukwu,0,3,60,0,4,5:00,Loss,Light Heavyweight
432,Mickey Gall,,U-DEC,Salim Touahri,1,3,50,0,1,5:00,Win,Welterweight
433,Salim Touahri,,U-DEC,Mickey Gall,2,3,48,0,0,5:00,Loss,Welterweight
434,Antonina Shevchenko,Rear Naked Choke,SUB,Lucie Pudilova,1,2,16,3,0,1:20,Win,Women's Flyweight
435,Lucie Pudilova,Rear Naked Choke,SUB,Antonina Shevchenko,1,2,6,0,1,1:20,Loss,Women's Flyweight
436,Matt Schnell,Triangle Choke,SUB,Jordan Espinosa,0,1,3,1,0,1:23,Win,Flyweight
437,Jordan Espinosa,Triangle Choke,SUB,Matt Schnell,0,1,5,0,0,1:23,Loss,Flyweight
438,Lauren Murphy,Knee,KO/TKO,Mara Romero Borella,1,3,24,0,0,1:46,Win,Women's Flyweight
439,Mara Romero Borella,Knee,KO/TKO,Lauren Murphy,1,3,22,0,1,1:46,Loss,Women's Flyweight
440,Claudio Silva,Neck Crank,SUB,Cole Williams,1,1,32,1,1,2:35,Win,Welterweight
441,Cole Williams,Neck Crank,SUB,Claudio Silva,0,1,2,0,0,2:35,Loss,Welterweight
442,Miranda Granger,,U-DEC,Hannah Goldy,0,3,61,0,0,5:00,Win,Women's Flyweight
443,Hannah Goldy,,U-DEC,Miranda Granger,0,3,55,0,0,5:00,Loss,Women's Flyweight
444,Max Holloway,,U-DEC,Frankie Edgar,0,5,129,0,0,5:00,Win,Featherweight
445,Frankie Edgar,,U-DEC,Max Holloway,0,5,96,0,1,5:00,Loss,Featherweight
446,Cris Cyborg,,U-DEC,Felicia Spencer,1,3,122,0,0,5:00,Win,Women's Featherweight
447,Felicia Spencer,,U-DEC,Cris Cyborg,0,3,38,0,0,5:00,Loss,Women's Featherweight
448,Geoff Neal,Punches,KO/TKO,Niko Price,2,2,41,0,2,2:39,Win,Welterweight
449,Niko Price,Punches,KO/TKO,Geoff Neal,1,2,24,0,0,2:39,Loss,Welterweight
450,Arman Tsarukyan,,U-DEC,Olivier Aubin-Mercier,0,3,47,0,2,5:00,Win,Lightweight
451,Olivier Aubin-Mercier,,U-DEC,Arman Tsarukyan,0,3,23,0,0,5:00,Loss,Lightweight
452,Krzysztof Jotko,,S-DEC,Marc-Andre Barriault,0,3,40,0,1,5:00,Win,Middleweight
453,Marc-Andre Barriault,,S-DEC,Krzysztof Jotko,0,3,39,0,1,5:00,Loss,Middleweight
454,Viviane Araujo,,U-DEC,Alexis Davis,0,3,67,0,2,5:00,Win,Women's Flyweight
455,Alexis Davis,,U-DEC,Viviane Araujo,0,3,68,0,0,5:00,Loss,Women's Flyweight
456,Hakeem Dawodu,Kick,KO/TKO,Yoshinori Horie,0,3,80,0,0,4:09,Win,Featherweight
457,Yoshinori Horie,Kick,KO/TKO,Hakeem Dawodu,0,3,39,0,0,4:09,Loss,Featherweight
458,Gavin Tucker,Rear Naked Choke,SUB,SeungWoo Choi,3,3,37,2,5,3:17,Win,Featherweight
459,SeungWoo Choi,Rear Naked Choke,SUB,Gavin Tucker,2,3,23,0,2,3:17,Loss,Featherweight
460,Deiveson Figueiredo,,U-DEC,Alexandre Pantoja,2,3,67,0,2,5:00,Win,Flyweight
461,Alexandre Pantoja,,U-DEC,Deiveson Figueiredo,0,3,61,0,2,5:00,Loss,Flyweight
462,Gillian Robertson,Elbows,KO/TKO,Sarah Frota,4,2,29,0,2,4:13,Win,Women's Flyweight
463,Sarah Frota,Elbows,KO/TKO,Gillian Robertson,0,2,9,0,0,4:13,Loss,Women's Flyweight
464,Erik Koch,,U-DEC,Kyle Stewart,4,3,37,0,4,5:00,Win,Welterweight
465,Kyle Stewart,,U-DEC,Erik Koch,0,3,23,0,0,5:00,Loss,Welterweight
466,Leon Edwards,,U-DEC,Rafael Dos Anjos,2,5,92,0,3,5:00,Win,Welterweight
467,Rafael Dos Anjos,,U-DEC,Leon Edwards,0,5,81,0,0,5:00,Loss,Welterweight
468,Walt Harris,Punch,KO/TKO,Aleksei Oleinik,0,1,4,0,0,0:12,Win,Heavyweight
469,Aleksei Oleinik,Punch,KO/TKO,Walt Harris,0,1,1,0,0,0:12,Loss,Heavyweight
470,Greg Hardy,Punches,KO/TKO,Juan Adams,0,1,36,0,0,0:45,Win,Heavyweight
471,Juan Adams,Punches,KO/TKO,Greg Hardy,0,1,3,0,0,0:45,Loss,Heavyweight
472,Dan Hooker,Punch,KO/TKO,James Vick,0,1,22,0,0,2:33,Win,Lightweight
473,James Vick,Punch,KO/TKO,Dan Hooker,0,1,7,0,0,2:33,Loss,Lightweight
474,Alexander Hernandez,,U-DEC,Francisco Trinaldo,0,3,25,0,0,5:00,Win,Lightweight
475,Francisco Trinaldo,,U-DEC,Alexander Hernandez,0,3,25,0,0,5:00,Loss,Lightweight
476,Andrei Arlovski,,U-DEC,Ben Rothwell,0,3,152,0,0,5:00,Win,Heavyweight
477,Ben Rothwell,,U-DEC,Andrei Arlovski,0,3,70,0,0,5:00,Loss,Heavyweight
478,Alex Caceres,,U-DEC,Steven Peterson,0,3,94,0,0,5:00,Win,Featherweight
479,Steven Peterson,,U-DEC,Alex Caceres,2,3,67,0,2,5:00,Loss,Featherweight
480,Raquel Pennington,,S-DEC,Irene Aldana,1,3,47,0,1,5:00,Win,Women's Bantamweight
481,Irene Aldana,,S-DEC,Raquel Pennington,0,3,52,0,0,5:00,Loss,Women's Bantamweight
482,Klidson Abreu,,U-DEC,Sam Alvey,1,3,36,0,1,5:00,Win,Light Heavyweight
483,Sam Alvey,,U-DEC,Klidson Abreu,0,3,28,0,0,5:00,Loss,Light Heavyweight
484,Jennifer Maia,,U-DEC,Roxanne Modafferi,0,3,83,0,0,5:00,Win,Women's Flyweight
485,Roxanne Modafferi,,U-DEC,Jennifer Maia,0,3,29,0,0,5:00,Loss,Women's Flyweight
486,Ray Borg,,U-DEC,Gabriel Silva,7,3,15,1,6,5:00,Win,Bantamweight
487,Gabriel Silva,,U-DEC,Ray Borg,1,3,8,0,1,5:00,Loss,Bantamweight
488,Mario Bautista,,U-DEC,Jinsoo Son,0,3,129,0,0,5:00,Win,Bantamweight
489,Jinsoo Son,,U-DEC,Mario Bautista,1,3,95,0,2,5:00,Loss,Bantamweight
490,Felipe Colares,,S-DEC,Domingo Pilarte,1,3,23,0,2,5:00,Win,Bantamweight
491,Domingo Pilarte,,S-DEC,Felipe Colares,1,3,11,1,2,5:00,Loss,Bantamweight
492,Germaine de Randamie,Punch,KO/TKO,Aspen Ladd,0,1,4,0,0,0:16,Win,Women's Bantamweight
493,Aspen Ladd,Punch,KO/TKO,Germaine de Randamie,0,1,0,0,0,0:16,Loss,Women's Bantamweight
494,Urijah Faber,Punch,KO/TKO,Ricky Simon,0,1,11,0,0,0:46,Win,Bantamweight
495,Ricky Simon,Punch,KO/TKO,Urijah Faber,0,1,4,0,0,0:46,Loss,Bantamweight
496,Josh Emmett,Punches,KO/TKO,Mirsad Bektic,1,1,27,0,0,4:25,Win,Featherweight
497,Mirsad Bektic,Punches,KO/TKO,Josh Emmett,0,1,10,0,0,4:25,Loss,Featherweight
498,Karl Roberson,,S-DEC,Wellington Turman,1,3,50,0,0,5:00,Win,Middleweight
499,Wellington Turman,,S-DEC,Karl Roberson,7,3,25,2,4,5:00,Loss,Middleweight
500,Marvin Vettori,,U-DEC,Cezar Ferreira,2,3,78,0,2,5:00,Win,Middleweight
501,Cezar Ferreira,,U-DEC,Marvin Vettori,0,3,39,0,0,5:00,Loss,Middleweight
502,Mike Rodriguez,,Overturned,John Allan,0,3,70,0,0,5:00,Draw,Light Heavyweight
503,John Allan,,Overturned,Mike Rodriguez,3,3,55,3,4,5:00,Draw,Light Heavyweight
504,Andre Fili,Punch,KO/TKO,Sheymon Moraes,0,1,19,0,0,3:07,Win,Featherweight
505,Sheymon Moraes,Punch,KO/TKO,Andre Fili,0,1,11,0,0,3:07,Loss,Featherweight
506,Julianna Pena,,U-DEC,Nicco Montano,2,3,45,0,2,5:00,Win,Women's Bantamweight
507,Nicco Montano,,U-DEC,Julianna Pena,5,3,38,0,3,5:00,Loss,Women's Bantamweight
508,Ryan Hall,,U-DEC,Darren Elkins,0,3,36,1,0,5:00,Win,Featherweight
509,Darren Elkins,,U-DEC,Ryan Hall,0,3,29,0,0,5:00,Loss,Featherweight
510,Jonathan Martinez,Knee,KO/TKO,Liu Pingyuan,0,3,32,0,0,3:54,Win,Bantamweight
511,Liu Pingyuan,Knee,KO/TKO,Jonathan Martinez,0,3,27,0,0,3:54,Loss,Bantamweight
512,Brianna Van Buren,,U-DEC,Livinha Souza,0,3,72,0,3,5:00,Win,Women's Strawweight
513,Livinha Souza,,U-DEC,Brianna Van Buren,0,3,23,0,2,5:00,Loss,Women's Strawweight
514,Benito Lopez,,U-DEC,Vince Morales,0,3,54,0,0,5:00,Win,Bantamweight
515,Vince Morales,,U-DEC,Benito Lopez,0,3,64,0,0,5:00,Loss,Bantamweight
516,Jon Jones,,S-DEC,Thiago Santos,0,5,59,0,0,5:00,Win,Light Heavyweight
517,Thiago Santos,,S-DEC,Jon Jones,0,5,43,0,0,5:00,Loss,Light Heavyweight
518,Amanda Nunes,Kick,KO/TKO,Holly Holm,0,1,17,0,0,4:10,Win,Women's Bantamweight
519,Holly Holm,Kick,KO/TKO,Amanda Nunes,0,1,11,0,0,4:10,Loss,Women's Bantamweight
520,Jorge Masvidal,Flying Knee,KO/TKO,Ben Askren,0,1,3,0,0,0:05,Win,Welterweight
521,Ben Askren,Flying Knee,KO/TKO,Jorge Masvidal,0,1,0,0,0,0:05,Loss,Welterweight
522,Jan Blachowicz,Punch,KO/TKO,Luke Rockhold,0,2,30,0,0,1:39,Win,Light Heavyweight
523,Luke Rockhold,Punch,KO/TKO,Jan Blachowicz,0,2,14,0,0,1:39,Loss,Light Heavyweight
524,Michael Chiesa,,U-DEC,Diego Sanchez,8,3,47,0,5,5:00,Win,Welterweight
525,Diego Sanchez,,U-DEC,Michael Chiesa,1,3,7,0,1,5:00,Loss,Welterweight
526,Arnold Allen,,U-DEC,Gilbert Melendez,0,3,102,0,1,5:00,Win,Featherweight
527,Gilbert Melendez,,U-DEC,Arnold Allen,0,3,23,0,0,5:00,Loss,Featherweight
528,Marlon Vera,Rear Naked Choke,SUB,Nohelin Hernandez,2,2,10,1,1,3:25,Win,Bantamweight
529,Nohelin Hernandez,Rear Naked Choke,SUB,Marlon Vera,1,2,22,0,1,3:25,Loss,Bantamweight
530,Claudia Gadelha,,U-DEC,Randa Markos,0,3,40,0,0,5:00,Win,Women's Strawweight
531,Randa Markos,,U-DEC,Claudia Gadelha,0,3,25,0,0,5:00,Loss,Women's Strawweight
532,Song Yadong,Punch,KO/TKO,Alejandro Perez,0,1,8,0,0,2:04,Win,Bantamweight
533,Alejandro Perez,Punch,KO/TKO,Song Yadong,0,1,1,0,0,2:04,Loss,Bantamweight
534,Edmen Shahbazyan,Rear Naked Choke,SUB,Jack Marshman,2,1,13,1,1,1:12,Win,Middleweight
535,Jack Marshman,Rear Naked Choke,SUB,Edmen Shahbazyan,0,1,0,0,0,1:12,Loss,Middleweight
536,Chance Rencountre,,U-DEC,Ismail Naurdiev,4,3,4,0,2,5:00,Win,Welterweight
537,Ismail Naurdiev,,U-DEC,Chance Rencountre,1,3,21,0,2,5:00,Loss,Welterweight
538,Julia Avila,,U-DEC,Pannie Kianzad,2,3,49,0,0,5:00,Win,Women's Bantamweight
539,Pannie Kianzad,,U-DEC,Julia Avila,0,3,33,0,1,5:00,Loss,Women's Bantamweight
540,Francis Ngannou,Punch,KO/TKO,Junior Dos Santos,0,1,9,0,0,1:11,Win,Heavyweight
541,Junior Dos Santos,Punch,KO/TKO,Francis Ngannou,0,1,4,0,0,1:11,Loss,Heavyweight
542,Joseph Benavidez,Punches,KO/TKO,Jussier Formiga,1,2,50,0,0,4:47,Win,Flyweight
543,Jussier Formiga,Punches,KO/TKO,Joseph Benavidez,1,2,15,0,1,4:47,Loss,Flyweight
544,Demian Maia,,M-DEC,Anthony Rocco Martin,4,3,3,0,3,5:00,Win,Welterweight
545,Anthony Rocco Martin,,M-DEC,Demian Maia,2,3,22,0,0,5:00,Loss,Welterweight
546,Vinc Pichel,,U-DEC,Roosevelt Roberts,6,3,60,1,3,5:00,Win,Lightweight
547,Roosevelt Roberts,,U-DEC,Vinc Pichel,2,3,31,0,2,5:00,Loss,Lightweight
548,Drew Dober,Punches,KO/TKO,Polo Reyes,0,1,16,0,0,1:07,Win,Lightweight
549,Polo Reyes,Punches,KO/TKO,Drew Dober,0,1,5,0,0,1:07,Loss,Lightweight
550,Alonzo Menifield,Punch,KO/TKO,Paul Craig,0,1,8,0,0,3:19,Win,Light Heavyweight
551,Paul Craig,Punch,KO/TKO,Alonzo Menifield,0,1,7,0,0,3:19,Loss,Light Heavyweight
552,Ricardo Ramos,,U-DEC,Journey Newson,3,3,40,0,3,5:00,Win,Bantamweight
553,Journey Newson,,U-DEC,Ricardo Ramos,0,3,38,1,0,5:00,Loss,Bantamweight
554,Eryk Anders,Punch,KO/TKO,Vinicius Moreira,0,1,11,0,0,1:18,Win,Light Heavyweight
555,Vinicius Moreira,Punch,KO/TKO,Eryk Anders,0,1,2,0,0,1:18,Loss,Light Heavyweight
556,Jared Gordon,,U-DEC,Dan Moret,5,3,48,0,2,5:00,Win,Lightweight
557,Dan Moret,,U-DEC,Jared Gordon,4,3,34,1,2,5:00,Loss,Lightweight
558,Dalcha Lungiambula,Punch,KO/TKO,Dequan Townsend,4,3,32,0,4,0:42,Win,Light Heavyweight
559,Dequan Townsend,Punch,KO/TKO,Dalcha Lungiambula,0,3,13,0,0,0:42,Loss,Light Heavyweight
560,Amanda Ribas,Rear Naked Choke,SUB,Emily Whitmire,3,2,21,2,2,2:10,Win,Women's Strawweight
561,Emily Whitmire,Rear Naked Choke,SUB,Amanda Ribas,0,2,7,0,0,2:10,Loss,Women's Strawweight
562,Maurice Greene,Punch,KO/TKO,Junior Albini,2,1,37,0,0,3:38,Win,Heavyweight
563,Junior Albini,Punch,KO/TKO,Maurice Greene,0,1,19,0,0,3:38,Loss,Heavyweight
564,Chan Sung Jung,Punch,KO/TKO,Renato Moicano,2,1,16,0,0,0:58,Win,Featherweight
565,Renato Moicano,Punch,KO/TKO,Chan Sung Jung,0,1,0,0,0,0:58,Loss,Featherweight
566,Randy Brown,Kick,KO/TKO,Bryan Barberena,0,3,89,0,0,2:54,Win,Welterweight
567,Bryan Barberena,Kick,KO/TKO,Randy Brown,1,3,47,0,0,2:54,Loss,Welterweight
568,Andre Ewell,,U-DEC,Anderson Dos Santos,0,3,73,0,0,5:00,Win,Bantamweight
569,Anderson Dos Santos,,U-DEC,Andre Ewell,4,3,35,0,2,5:00,Loss,Bantamweight
570,Andrea Lee,,U-DEC,Montana De La Rosa,2,3,73,0,1,5:00,Win,Women's Flyweight
571,Montana De La Rosa,,U-DEC,Andrea Lee,0,3,14,1,5,5:00,Loss,Women's Flyweight
572,Kevin Holland,,U-DEC,Alessio Di Chirico,0,3,58,0,0,5:00,Win,Middleweight
573,Alessio Di Chirico,,U-DEC,Kevin Holland,0,3,51,0,2,5:00,Loss,Middleweight
574,Dan Ige,,U-DEC,Kevin Aguilar,3,3,71,0,1,5:00,Win,Featherweight
575,Kevin Aguilar,,U-DEC,Dan Ige,0,3,33,0,1,5:00,Loss,Featherweight
576,Ashley Yoder,,U-DEC,Syuri Kondo,8,3,75,0,1,5:00,Win,Women's Strawweight
577,Syuri Kondo,,U-DEC,Ashley Yoder,0,3,23,1,0,5:00,Loss,Women's Strawweight
578,Luis Pena,Punches,KO/TKO,Matt Wiman,7,3,87,1,1,1:14,Win,Lightweight
579,Matt Wiman,Punches,KO/TKO,Luis Pena,0,3,24,0,1,1:14,Loss,Lightweight
580,Jairzinho Rozenstruik,Punches,KO/TKO,Allen Crowder,0,1,4,0,0,0:09,Win,Heavyweight
581,Allen Crowder,Punches,KO/TKO,Jairzinho Rozenstruik,0,1,0,0,0,0:09,Loss,Heavyweight
582,Molly McCann,,U-DEC,Ariane Lipski,2,3,108,0,2,5:00,Win,Women's Flyweight
583,Ariane Lipski,,U-DEC,Molly McCann,0,3,68,0,0,5:00,Loss,Women's Flyweight
584,Deron Winn,,U-DEC,Eric Spicely,0,3,169,0,0,5:00,Win,Middleweight
585,Eric Spicely,,U-DEC,Deron Winn,0,3,108,0,0,5:00,Loss,Middleweight
586,Henry Cejudo,Punches,KO/TKO,Marlon Moraes,1,3,90,1,1,4:51,Win,Bantamweight
587,Marlon Moraes,Punches,KO/TKO,Henry Cejudo,0,3,57,0,0,4:51,Loss,Bantamweight
588,Valentina Shevchenko,Kick,KO/TKO,Jessica Eye,3,2,8,1,2,0:26,Win,Women's Flyweight
589,Jessica Eye,Kick,KO/TKO,Valentina Shevchenko,0,2,2,0,0,0:26,Loss,Women's Flyweight
590,Tony Ferguson,,KO/TKO,Donald Cerrone,0,2,104,0,0,5:00,Win,Lightweight
591,Donald Cerrone,,KO/TKO,Tony Ferguson,0,2,68,0,1,5:00,Loss,Lightweight
592,Petr Yan,,U-DEC,Jimmie Rivera,1,3,56,0,1,5:00,Win,Bantamweight
593,Jimmie Rivera,,U-DEC,Petr Yan,0,3,73,0,0,5:00,Loss,Bantamweight
594,Blagoy Ivanov,,U-DEC,Tai Tuivasa,0,3,73,0,2,5:00,Win,Heavyweight
595,Tai Tuivasa,,U-DEC,Blagoy Ivanov,0,3,64,0,0,5:00,Loss,Heavyweight
596,Tatiana Suarez,,U-DEC,Nina Ansaroff,2,3,75,0,4,5:00,Win,Women's Strawweight
597,Nina Ansaroff,,U-DEC,Tatiana Suarez,0,3,48,0,0,5:00,Loss,Women's Strawweight
598,Aljamain Sterling,,U-DEC,Pedro Munhoz,0,3,174,0,0,5:00,Win,Bantamweight
599,Pedro Munhoz,,U-DEC,Aljamain Sterling,0,3,105,0,0,5:00,Loss,Bantamweight
600,Alexa Grasso,,U-DEC,Karolina Kowalkiewicz,0,3,148,1,0,5:00,Win,Women's Strawweight
601,Karolina Kowalkiewicz,,U-DEC,Alexa Grasso,0,3,90,0,0,5:00,Loss,Women's Strawweight
602,Calvin Kattar,Punch,KO/TKO,Ricardo Lamas,0,1,22,0,0,4:06,Win,Featherweight
603,Ricardo Lamas,Punch,KO/TKO,Calvin Kattar,0,1,12,0,0,4:06,Loss,Featherweight
604,Xiaonan Yan,,U-DEC,Angela Hill,1,3,94,0,1,5:00,Win,Women's Strawweight
605,Angela Hill,,U-DEC,Xiaonan Yan,0,3,71,1,1,5:00,Loss,Women's Strawweight
606,Darren Stewart,,U-DEC,Bevon Lewis,0,3,30,0,0,5:00,Win,Middleweight
607,Bevon Lewis,,U-DEC,Darren Stewart,0,3,31,0,0,5:00,Loss,Middleweight
608,Eddie Wineland,Punch,KO/TKO,Grigorii Popov,0,2,74,0,0,4:47,Win,Bantamweight
609,Grigorii Popov,Punch,KO/TKO,Eddie Wineland,0,2,55,0,0,4:47,Loss,Bantamweight
610,Katlyn Chookagian,,U-DEC,Joanne Calderwood,0,3,82,0,0,5:00,Win,Women's Flyweight
611,Joanne Calderwood,,U-DEC,Katlyn Chookagian,0,3,112,0,3,5:00,Loss,Women's Flyweight
612,Anthony Smith,Rear Naked Choke,SUB,Alexander Gustafsson,1,4,49,1,0,2:38,Win,Light Heavyweight
613,Alexander Gustafsson,Rear Naked Choke,SUB,Anthony Smith,1,4,72,0,1,2:38,Loss,Light Heavyweight
614,Aleksandar Rakic,Kick,KO/TKO,Jimi Manuwa,0,1,2,0,0,0:47,Win,Light Heavyweight
615,Jimi Manuwa,Kick,KO/TKO,Aleksandar Rakic,0,1,2,0,0,0:47,Loss,Light Heavyweight
616,Makwan Amirkhani,Anaconda Choke,SUB,Chris Fishgold,2,2,9,1,1,4:25,Win,Featherweight
617,Chris Fishgold,Anaconda Choke,SUB,Makwan Amirkhani,0,2,16,0,0,4:25,Loss,Featherweight
618,Christos Giagos,,U-DEC,Damir Hadzovic,3,3,47,0,6,5:00,Win,Lightweight
619,Damir Hadzovic,,U-DEC,Christos Giagos,0,3,24,0,1,5:00,Loss,Lightweight
620,Daniel Teymur,,U-DEC,Sung Bin Jo,0,3,40,0,1,5:00,Win,Featherweight
621,Sung Bin Jo,,U-DEC,Daniel Teymur,0,3,21,1,1,5:00,Loss,Featherweight
622,Sergey Khandozhko,,U-DEC,Rostem Akman,1,3,60,0,1,5:00,Win,Welterweight
623,Rostem Akman,,U-DEC,Sergey Khandozhko,1,3,39,0,2,5:00,Loss,Welterweight
624,Lina Lansberg,,U-DEC,Tonya Evinger,2,3,50,0,1,5:00,Win,Women's Bantamweight
625,Tonya Evinger,,U-DEC,Lina Lansberg,2,3,6,0,1,5:00,Loss,Women's Bantamweight
626,Leonardo Santos,Punch,KO/TKO,Stevie Ray,0,1,12,0,0,2:17,Win,Lightweight
627,Stevie Ray,Punch,KO/TKO,Leonardo Santos,0,1,2,0,0,2:17,Loss,Lightweight
628,Frank Camacho,Punches,KO/TKO,Nick Hein,0,2,100,0,0,4:56,Win,Lightweight
629,Nick Hein,Punches,KO/TKO,Frank Camacho,0,2,37,0,1,4:56,Loss,Lightweight
630,Bea Malecki,Rear Naked Choke,SUB,Duda Santana,1,2,19,2,0,1:59,Win,Women's Bantamweight
631,Duda Santana,Rear Naked Choke,SUB,Bea Malecki,0,2,42,0,3,1:59,Loss,Women's Bantamweight
632,Devin Clark,,U-DEC,Darko Stosic,0,3,40,0,2,5:00,Win,Light Heavyweight
633,Darko Stosic,,U-DEC,Devin Clark,1,3,26,0,1,5:00,Loss,Light Heavyweight
634,Joel Alvarez,Punches,KO/TKO,Danilo Belluardo,1,2,19,0,0,2:22,Win,Lightweight
635,Danilo Belluardo,Punches,KO/TKO,Joel Alvarez,2,2,13,0,2,2:22,Loss,Lightweight
636,Rafael Dos Anjos,Arm Triangle,SUB,Kevin Lee,4,4,60,1,4,3:47,Win,Welterweight
637,Kevin Lee,Arm Triangle,SUB,Rafael Dos Anjos,1,4,35,0,6,3:47,Loss,Welterweight
638,Ian Heinisch,,U-DEC,Antonio Carlos Junior,5,3,39,0,1,5:00,Win,Middleweight
639,Antonio Carlos Junior,,U-DEC,Ian Heinisch,4,3,15,0,4,5:00,Loss,Middleweight
640,Felicia Spencer,Rear Naked Choke,SUB,Megan Anderson,1,1,22,1,1,3:24,Win,Women's Featherweight
641,Megan Anderson,Rear Naked Choke,SUB,Felicia Spencer,0,1,3,0,0,3:24,Loss,Women's Featherweight
642,Vicente Luque,Punch,KO/TKO,Derrick Krantz,0,1,18,0,0,3:52,Win,Welterweight
643,Derrick Krantz,Punch,KO/TKO,Vicente Luque,1,1,6,0,1,3:52,Loss,Welterweight
644,Charles Oliveira,Punch,KO/TKO,Nik Lentz,3,2,38,1,0,2:11,Win,Lightweight
645,Nik Lentz,Punch,KO/TKO,Charles Oliveira,1,2,18,0,2,2:11,Loss,Lightweight
646,Davi Ramos,,U-DEC,Austin Hubbard,3,3,63,0,3,5:00,Win,Lightweight
647,Austin Hubbard,,U-DEC,Davi Ramos,0,3,44,0,0,5:00,Loss,Lightweight
648,Aspen Ladd,,U-DEC,Sijara Eubanks,6,3,69,3,3,5:00,Win,Women's Bantamweight
649,Sijara Eubanks,,U-DEC,Aspen Ladd,2,3,77,0,2,5:00,Loss,Women's Bantamweight
650,Desmond Green,,U-DEC,Charles Jourdain,1,3,78,0,4,5:00,Win,Lightweight
651,Charles Jourdain,,U-DEC,Desmond Green,0,3,55,0,0,5:00,Loss,Lightweight
652,Michel Pereira,Flying Knee,KO/TKO,Danny Roberts,0,1,6,0,0,1:47,Win,Welterweight
653,Danny Roberts,Flying Knee,KO/TKO,Michel Pereira,0,1,2,0,0,1:47,Loss,Welterweight
654,Grant Dawson,Rear Naked Choke,SUB,Michael Trizano,4,2,27,1,3,2:27,Win,Featherweight
655,Michael Trizano,Rear Naked Choke,SUB,Grant Dawson,0,2,20,0,0,2:27,Loss,Featherweight
656,Ed Herman,Knee,KO/TKO,Patrick Cummins,0,1,11,0,0,3:39,Win,Light Heavyweight
657,Patrick Cummins,Knee,KO/TKO,Ed Herman,0,1,22,0,1,3:39,Loss,Light Heavyweight
658,Zak Cummings,Guillotine Choke,SUB,Trevin Giles,0,3,34,1,0,4:01,Win,Middleweight
659,Trevin Giles,Guillotine Choke,SUB,Zak Cummings,0,3,31,0,0,4:01,Loss,Middleweight
660,Julio Arce,Kick,KO/TKO,Julian Erosa,0,3,74,0,1,1:49,Win,Featherweight
661,Julian Erosa,Kick,KO/TKO,Julio Arce,0,3,43,0,0,1:49,Loss,Featherweight
662,Jessica Andrade,Slam,KO/TKO,Rose Namajunas,0,2,47,0,2,2:58,Win,Women's Strawweight
663,Rose Namajunas,Slam,KO/TKO,Jessica Andrade,1,2,55,1,0,2:58,Loss,Women's Strawweight
664,Jared Cannonier,Kick,KO/TKO,Anderson Silva,0,1,17,0,0,4:47,Win,Middleweight
665,Anderson Silva,Kick,KO/TKO,Jared Cannonier,0,1,8,0,0,4:47,Loss,Middleweight
666,Alexander Volkanovski,,U-DEC,Jose Aldo,0,3,95,0,0,5:00,Win,Featherweight
667,Jose Aldo,,U-DEC,Alexander Volkanovski,0,3,29,0,0,5:00,Loss,Featherweight
668,Laureano Staropoli,,U-DEC,Thiago Alves,0,3,54,0,1,5:00,Win,Welterweight
669,Thiago Alves,,U-DEC,Laureano Staropoli,0,3,58,0,1,5:00,Loss,Welterweight
670,Irene Aldana,Armbar,SUB,Bethe Correia,1,3,83,1,0,3:24,Win,Women's Bantamweight
671,Bethe Correia,Armbar,SUB,Irene Aldana,0,3,81,0,0,3:24,Loss,Women's Bantamweight
672,Ryan Spann,Punch,KO/TKO,Rogerio Nogueira,1,1,13,1,1,2:07,Win,Light Heavyweight
673,Rogerio Nogueira,Punch,KO/TKO,Ryan Spann,0,1,6,0,0,2:07,Loss,Light Heavyweight
674,Thiago Moises,,U-DEC,Kurt Holobaugh,4,3,66,1,4,5:00,Win,Lightweight
675,Kurt Holobaugh,,U-DEC,Thiago Moises,0,3,39,0,2,5:00,Loss,Lightweight
676,Warlley Alves,Punch,KO/TKO,Sergio Moraes,0,3,72,0,0,4:13,Win,Welterweight
677,Sergio Moraes,Punch,KO/TKO,Warlley Alves,0,3,20,0,0,4:13,Loss,Welterweight
678,Clay Guida,,U-DEC,BJ Penn,0,3,80,0,1,5:00,Win,Lightweight
679,BJ Penn,,U-DEC,Clay Guida,0,3,64,0,0,5:00,Loss,Lightweight
680,Luana Carolina,,U-DEC,Priscila Cachoeira,1,3,111,3,0,5:00,Win,Women's Flyweight
681,Priscila Cachoeira,,U-DEC,Luana Carolina,0,3,69,0,0,5:00,Loss,Women's Flyweight
682,Raoni Barcelos,Elbows,KO/TKO,Carlos Huachin,3,2,59,1,0,4:49,Win,Bantamweight
683,Carlos Huachin,Elbows,KO/TKO,Raoni Barcelos,0,2,20,0,0,4:49,Loss,Bantamweight
684,Viviane Araujo,Punch,KO/TKO,Talita Bernardo,3,3,61,0,3,0:48,Win,Women's Bantamweight
685,Talita Bernardo,Punch,KO/TKO,Viviane Araujo,0,3,46,0,0,0:48,Loss,Women's Bantamweight
686,Donald Cerrone,,U-DEC,Al Iaquinta,0,5,138,0,0,5:00,Win,Lightweight
687,Al Iaquinta,,U-DEC,Donald Cerrone,0,5,90,0,0,5:00,Loss,Lightweight
688,Derek Brunson,,U-DEC,Elias Theodorou,5,3,56,0,4,5:00,Win,Middleweight
689,Elias Theodorou,,U-DEC,Derek Brunson,0,3,65,0,0,5:00,Loss,Middleweight
690,Shane Burgos,,S-DEC,Cub Swanson,0,3,134,0,0,5:00,Win,Featherweight
691,Cub Swanson,,S-DEC,Shane Burgos,0,3,129,0,0,5:00,Loss,Featherweight
692,Merab Dvalishvili,,U-DEC,Brad Katona,3,3,55,0,5,5:00,Win,Bantamweight
693,Brad Katona,,U-DEC,Merab Dvalishvili,0,3,32,0,0,5:00,Loss,Bantamweight
694,Walt Harris,Knees,KO/TKO,Serghei Spivac,0,1,17,0,0,0:50,Win,Heavyweight
695,Serghei Spivac,Knees,KO/TKO,Walt Harris,0,1,1,0,0,0:50,Loss,Heavyweight
696,Andrew Sanchez,,U-DEC,Marc-Andre Barriault,3,3,72,0,2,5:00,Win,Middleweight
697,Marc-Andre Barriault,,U-DEC,Andrew Sanchez,0,3,69,0,0,5:00,Loss,Middleweight
698,Macy Chiasson,Punches,KO/TKO,Sarah Moras,3,2,43,0,0,2:22,Win,Women's Bantamweight
699,Sarah Moras,Punches,KO/TKO,Macy Chiasson,3,2,9,1,1,2:22,Loss,Women's Bantamweight
700,Vince Morales,,U-DEC,Aiemann Zahabi,0,3,59,0,0,5:00,Win,Bantamweight
701,Aiemann Zahabi,,U-DEC,Vince Morales,0,3,28,0,1,5:00,Loss,Bantamweight
702,Nordine Taleb,,U-DEC,Kyle Prepolec,0,3,90,0,0,5:00,Win,Welterweight
703,Kyle Prepolec,,U-DEC,Nordine Taleb,0,3,52,0,0,5:00,Loss,Welterweight
704,Matt Sayles,Arm Triangle,SUB,Kyle Nelson,3,3,75,1,0,3:16,Win,Featherweight
705,Kyle Nelson,Arm Triangle,SUB,Matt Sayles,1,3,26,4,2,3:16,Loss,Featherweight
706,Arjan Bhullar,,U-DEC,Juan Adams,2,3,41,0,2,5:00,Win,Heavyweight
707,Juan Adams,,U-DEC,Arjan Bhullar,0,3,81,0,0,5:00,Loss,Heavyweight
708,Cole Smith,,U-DEC,Mitch Gagnon,2,3,38,2,2,5:00,Win,Bantamweight
709,Mitch Gagnon,,U-DEC,Cole Smith,1,3,15,2,0,5:00,Loss,Bantamweight
710,Jack Hermansson,,U-DEC,Jacare Souza,1,5,148,1,3,5:00,Win,Middleweight
711,Jacare Souza,,U-DEC,Jack Hermansson,0,5,90,0,0,5:00,Loss,Middleweight
712,Greg Hardy,Punches,KO/TKO,Dmitrii Smoliakov,0,1,14,0,0,2:15,Win,Heavyweight
713,Dmitrii Smoliakov,Punches,KO/TKO,Greg Hardy,0,1,1,0,0,2:15,Loss,Heavyweight
714,Mike Perry,,U-DEC,Alex Oliveira,1,3,65,0,0,5:00,Win,Welterweight
715,Alex Oliveira,,U-DEC,Mike Perry,0,3,48,0,0,5:00,Loss,Welterweight
716,Glover Teixeira,Rear Naked Choke,SUB,Ion Cutelaba,3,2,30,1,0,3:37,Win,Light Heavyweight
717,Ion Cutelaba,Rear Naked Choke,SUB,Glover Teixeira,1,2,74,0,0,3:37,Loss,Light Heavyweight
718,Cory Sandhagen,,S-DEC,John Lineker,0,3,120,0,2,5:00,Win,Bantamweight
719,John Lineker,,S-DEC,Cory Sandhagen,0,3,106,1,1,5:00,Loss,Bantamweight
720,Roosevelt Roberts,,U-DEC,Thomas Gifford,6,3,53,0,2,5:00,Win,Lightweight
721,Thomas Gifford,,U-DEC,Roosevelt Roberts,1,3,30,0,1,5:00,Loss,Lightweight
722,Takashi Sato,Elbows,KO/TKO,Ben Saunders,0,2,28,0,0,1:18,Win,Welterweight
723,Ben Saunders,Elbows,KO/TKO,Takashi Sato,0,2,46,0,0,1:18,Loss,Welterweight
724,Augusto Sakai,,S-DEC,Andrei Arlovski,0,3,42,0,0,5:00,Win,Heavyweight
725,Andrei Arlovski,,S-DEC,Augusto Sakai,0,3,75,0,0,5:00,Loss,Heavyweight
726,Carla Esparza,,U-DEC,Virna Jandiroba,3,3,25,0,4,5:00,Win,Women's Strawweight
727,Virna Jandiroba,,U-DEC,Carla Esparza,5,3,17,0,3,5:00,Loss,Women's Strawweight
728,Gilbert Burns,Rear Naked Choke,SUB,Mike Davis,4,2,49,1,3,4:15,Win,Lightweight
729,Mike Davis,Rear Naked Choke,SUB,Gilbert Burns,0,2,13,0,0,4:15,Loss,Lightweight
730,Jim Miller,Rear Naked Choke,SUB,Jason Gonzalez,1,1,6,1,2,2:12,Win,Lightweight
731,Jason Gonzalez,Rear Naked Choke,SUB,Jim Miller,0,1,10,0,0,2:12,Loss,Lightweight
732,Angela Hill,,U-DEC,Jodie Esquibel,0,3,117,0,0,5:00,Win,Women's Strawweight
733,Jodie Esquibel,,U-DEC,Angela Hill,0,3,57,0,0,5:00,Loss,Women's Strawweight
734,Dhiego Lima,,S-DEC,Court McGee,0,3,65,0,0,5:00,Win,Welterweight
735,Court McGee,,S-DEC,Dhiego Lima,0,3,65,0,0,5:00,Loss,Welterweight
736,Alistair Overeem,Knee,KO/TKO,Aleksei Oleinik,0,1,29,0,0,4:45,Win,Heavyweight
737,Aleksei Oleinik,Knee,KO/TKO,Alistair Overeem,0,1,38,0,0,4:45,Loss,Heavyweight
738,Islam Makhachev,,U-DEC,Arman Tsarukyan,2,3,14,0,4,5:00,Win,Lightweight
739,Arman Tsarukyan,,U-DEC,Islam Makhachev,0,3,13,0,1,5:00,Loss,Lightweight
740,Sergei Pavlovich,Punches,KO/TKO,Marcelo Golm,0,1,17,0,0,1:06,Win,Heavyweight
741,Marcelo Golm,Punches,KO/TKO,Sergei Pavlovich,0,1,5,0,0,1:06,Loss,Heavyweight
742,Roxanne Modafferi,,S-DEC,Antonina Shevchenko,5,3,33,0,5,5:00,Win,Women's Flyweight
743,Antonina Shevchenko,,S-DEC,Roxanne Modafferi,0,3,64,0,0,5:00,Loss,Women's Flyweight
744,Krzysztof Jotko,,U-DEC,Alen Amedovski,5,3,43,0,4,5:00,Win,Middleweight
745,Alen Amedovski,,U-DEC,Krzysztof Jotko,0,3,6,0,0,5:00,Loss,Middleweight
746,Movsar Evloev,,U-DEC,SeungWoo Choi,1,3,50,0,5,5:00,Win,Featherweight
747,SeungWoo Choi,,U-DEC,Movsar Evloev,0,3,26,0,0,5:00,Loss,Featherweight
748,Sultan Aliev,,U-DEC,Keita Nakamura,0,3,25,0,2,5:00,Win,Welterweight
749,Keita Nakamura,,U-DEC,Sultan Aliev,0,3,29,0,0,5:00,Loss,Welterweight
750,Alexander Yakovlev,Other - Choke,SUB,Alex Da Silva,0,2,14,1,1,3:10,Win,Lightweight
751,Alex Da Silva,Other - Choke,SUB,Alexander Yakovlev,2,2,8,0,1,3:10,Loss,Lightweight
752,Shamil Abdurakhimov,Punches,KO/TKO,Marcin Tybura,0,2,36,0,0,3:15,Win,Heavyweight
753,Marcin Tybura,Punches,KO/TKO,Shamil Abdurakhimov,0,2,28,0,0,3:15,Loss,Heavyweight
754,Michal Oleksiejczuk,Punch,KO/TKO,Gadzhimurad Antigulov,0,1,8,0,0,0:44,Win,Light Heavyweight
755,Gadzhimurad Antigulov,Punch,KO/TKO,Michal Oleksiejczuk,0,1,6,0,0,0:44,Loss,Light Heavyweight
756,Magomed Mustafaev,Spinning Back Kick,KO/TKO,Rafael Fiziev,0,1,10,0,0,1:26,Win,Lightweight
757,Rafael Fiziev,Spinning Back Kick,KO/TKO,Magomed Mustafaev,0,1,1,0,0,1:26,Loss,Lightweight
758,Dustin Poirier,,U-DEC,Max Holloway,0,5,178,0,1,5:00,Win,Lightweight
759,Max Holloway,,U-DEC,Dustin Poirier,0,5,181,1,0,5:00,Loss,Lightweight
760,Israel Adesanya,,U-DEC,Kelvin Gastelum,0,5,109,2,0,5:00,Win,Middleweight
761,Kelvin Gastelum,,U-DEC,Israel Adesanya,0,5,91,0,1,5:00,Loss,Middleweight
762,Khalil Rountree Jr.,,U-DEC,Eryk Anders,0,3,79,0,0,5:00,Win,Light Heavyweight
763,Eryk Anders,,U-DEC,Khalil Rountree Jr.,0,3,16,0,0,5:00,Loss,Light Heavyweight
764,Dwight Grant,,S-DEC,Alan Jouban,0,3,38,0,0,5:00,Win,Welterweight
765,Alan Jouban,,S-DEC,Dwight Grant,1,3,24,0,1,5:00,Loss,Welterweight
766,Nikita Krylov,Rear Naked Choke,SUB,Ovince Saint Preux,2,2,27,2,1,2:30,Win,Light Heavyweight
767,Ovince Saint Preux,Rear Naked Choke,SUB,Nikita Krylov,2,2,4,0,3,2:30,Loss,Light Heavyweight
768,Matt Frevola,,U-DEC,Jalin Turner,7,3,31,2,4,5:00,Win,Lightweight
769,Jalin Turner,,U-DEC,Matt Frevola,0,3,35,1,0,5:00,Loss,Lightweight
770,Alexandre Pantoja,Punch,KO/TKO,Wilson Reis,0,1,23,0,0,2:58,Win,Flyweight
771,Wilson Reis,Punch,KO/TKO,Alexandre Pantoja,0,1,1,0,1,2:58,Loss,Flyweight
772,Max Griffin,,M-DEC,Zelim Imadaev,2,3,47,3,6,5:00,Win,Welterweight
773,Zelim Imadaev,,M-DEC,Max Griffin,0,3,64,0,0,5:00,Loss,Welterweight
774,Khalid Taha,Punch,KO/TKO,Boston Salmon,0,1,5,0,0,0:25,Win,Bantamweight
775,Boston Salmon,Punch,KO/TKO,Khalid Taha,0,1,0,0,0,0:25,Loss,Bantamweight
776,Belal Muhammad,,U-DEC,Curtis Millender,6,3,47,0,2,5:00,Win,Welterweight
777,Curtis Millender,,U-DEC,Belal Muhammad,1,3,48,0,0,5:00,Loss,Welterweight
778,Montel Jackson,,U-DEC,Andre Soukhamthath,3,3,64,0,3,5:00,Win,Bantamweight
779,Andre Soukhamthath,,U-DEC,Montel Jackson,0,3,30,0,1,5:00,Loss,Bantamweight
780,Poliana Botelho,,U-DEC,Lauren Mueller,2,3,47,0,2,5:00,Win,Women's Flyweight
781,Lauren Mueller,,U-DEC,Poliana Botelho,1,3,47,0,0,5:00,Loss,Women's Flyweight
782,Brandon Davis,Rear Naked Choke,SUB,Randy Costa,0,2,35,1,0,1:12,Win,Bantamweight
783,Randy Costa,Rear Naked Choke,SUB,Brandon Davis,0,2,46,0,0,1:12,Loss,Bantamweight
784,Justin Gaethje,Punch,KO/TKO,Edson Barboza,0,1,20,0,0,2:30,Win,Lightweight
785,Edson Barboza,Punch,KO/TKO,Justin Gaethje,0,1,13,0,0,2:30,Loss,Lightweight
786,Jack Hermansson,Guillotine Choke,SUB,David Branch,1,1,3,1,1,0:49,Win,Middleweight
787,David Branch,Guillotine Choke,SUB,Jack Hermansson,0,1,1,0,0,0:49,Loss,Middleweight
788,Josh Emmett,Punch,KO/TKO,Michael Johnson,0,3,22,0,0,4:14,Win,Featherweight
789,Michael Johnson,Punch,KO/TKO,Josh Emmett,0,3,24,0,0,4:14,Loss,Featherweight
790,Michelle Waterson,,U-DEC,Karolina Kowalkiewicz,1,3,64,1,2,5:00,Win,Women's Strawweight
791,Karolina Kowalkiewicz,,U-DEC,Michelle Waterson,0,3,57,0,0,5:00,Loss,Women's Strawweight
792,Paul Craig,Triangle Choke,SUB,Kennedy Nzechukwu,0,3,25,2,1,4:20,Win,Light Heavyweight
793,Kennedy Nzechukwu,Triangle Choke,SUB,Paul Craig,1,3,40,0,0,4:20,Loss,Light Heavyweight
794,Sodiq Yusuff,,U-DEC,Sheymon Moraes,1,3,73,0,0,5:00,Win,Featherweight
795,Sheymon Moraes,,U-DEC,Sodiq Yusuff,0,3,54,0,0,5:00,Loss,Featherweight
796,Marina Rodriguez,,U-DEC,Jessica Aguilar,0,3,118,0,0,5:00,Win,Women's Strawweight
797,Jessica Aguilar,,U-DEC,Marina Rodriguez,1,3,50,1,0,5:00,Loss,Women's Strawweight
798,Desmond Green,Punches,KO/TKO,Ross Pearson,0,1,25,0,1,2:52,Win,Lightweight
799,Ross Pearson,Punches,KO/TKO,Desmond Green,0,1,12,0,0,2:52,Loss,Lightweight
800,Kevin Aguilar,,U-DEC,Enrique Barzola,0,3,58,0,0,5:00,Win,Featherweight
801,Enrique Barzola,,U-DEC,Kevin Aguilar,0,3,52,0,0,5:00,Loss,Featherweight
802,Kevin Holland,,S-DEC,Gerald Meerschaert,4,3,27,2,1,5:00,Win,Middleweight
803,Gerald Meerschaert,,S-DEC,Kevin Holland,9,3,10,4,6,5:00,Loss,Middleweight
804,Casey Kenney,,U-DEC,Ray Borg,4,3,32,0,2,5:00,Win,Bantamweight
805,Ray Borg,,U-DEC,Casey Kenney,3,3,17,0,7,5:00,Loss,Bantamweight
806,Maryna Moroz,,U-DEC,Sabina Mazo,0,3,56,0,1,5:00,Win,Women's Flyweight
807,Sabina Mazo,,U-DEC,Maryna Moroz,0,3,64,0,0,5:00,Loss,Women's Flyweight
808,Alex Perez,,U-DEC,Mark De La Rosa,1,3,60,0,2,5:00,Win,Bantamweight
809,Mark De La Rosa,,U-DEC,Alex Perez,0,3,26,0,0,5:00,Loss,Bantamweight
810,Anthony Pettis,Punch,KO/TKO,Stephen Thompson,0,2,32,0,0,4:55,Win,Welterweight
811,Stephen Thompson,Punch,KO/TKO,Anthony Pettis,0,2,47,0,0,4:55,Loss,Welterweight
812,Curtis Blaydes,,U-DEC,Justin Willis,4,3,22,0,7,5:00,Win,Heavyweight
813,Justin Willis,,U-DEC,Curtis Blaydes,0,3,2,0,0,5:00,Loss,Heavyweight
814,John Makdessi,,U-DEC,Jesus Pinedo,0,3,73,0,0,5:00,Win,Lightweight
815,Jesus Pinedo,,U-DEC,John Makdessi,0,3,37,0,0,5:00,Loss,Lightweight
816,Jussier Formiga,,U-DEC,Deiveson Figueiredo,7,3,26,0,3,5:00,Win,Flyweight
817,Deiveson Figueiredo,,U-DEC,Jussier Formiga,0,3,14,0,0,5:00,Loss,Flyweight
818,Luis Pena,,U-DEC,Steven Peterson,1,3,52,0,1,5:00,Win,Featherweight
819,Steven Peterson,,U-DEC,Luis Pena,2,3,34,1,4,5:00,Loss,Featherweight
820,Maycee Barber,Punches,KO/TKO,JJ Aldrich,0,2,55,0,0,3:01,Win,Women's Flyweight
821,JJ Aldrich,Punches,KO/TKO,Maycee Barber,0,2,25,0,0,3:01,Loss,Women's Flyweight
822,Bryce Mitchell,,U-DEC,Bobby Moffett,1,3,17,2,0,5:00,Win,Featherweight
823,Bobby Moffett,,U-DEC,Bryce Mitchell,4,3,9,2,5,5:00,Loss,Featherweight
824,Marlon Vera,Punch,KO/TKO,Frankie Saenz,0,1,12,0,0,1:25,Win,Bantamweight
825,Frankie Saenz,Punch,KO/TKO,Marlon Vera,0,1,4,0,0,1:25,Loss,Bantamweight
826,Jennifer Maia,,U-DEC,Alexis Davis,0,3,60,0,0,5:00,Win,Women's Flyweight
827,Alexis Davis,,U-DEC,Jennifer Maia,2,3,72,0,1,5:00,Loss,Women's Flyweight
828,Randa Markos,Armbar,SUB,Angela Hill,2,1,13,1,1,4:24,Win,Women's Strawweight
829,Angela Hill,Armbar,SUB,Randa Markos,0,1,2,0,0,4:24,Loss,Women's Strawweight
830,Chris Gutierrez,,U-DEC,Ryan MacDonald,0,3,69,0,0,5:00,Win,Bantamweight
831,Ryan MacDonald,,U-DEC,Chris Gutierrez,0,3,15,0,0,5:00,Loss,Bantamweight
832,Jordan Espinosa,,U-DEC,Eric Shelton,0,3,47,0,1,5:00,Win,Flyweight
833,Eric Shelton,,U-DEC,Jordan Espinosa,0,3,25,0,0,5:00,Loss,Flyweight
834,Jorge Masvidal,Punch,KO/TKO,Darren Till,0,2,35,0,1,3:05,Win,Welterweight
835,Darren Till,Punch,KO/TKO,Jorge Masvidal,0,2,21,0,1,3:05,Loss,Welterweight
836,Leon Edwards,,S-DEC,Gunnar Nelson,1,3,31,0,2,5:00,Win,Welterweight
837,Gunnar Nelson,,S-DEC,Leon Edwards,1,3,9,0,3,5:00,Loss,Welterweight
838,Dominick Reyes,,S-DEC,Volkan Oezdemir,0,3,44,0,0,5:00,Win,Light Heavyweight
839,Volkan Oezdemir,,S-DEC,Dominick Reyes,0,3,35,0,1,5:00,Loss,Light Heavyweight
840,Nathaniel Wood,Rear Naked Choke,SUB,Jose Quinonez,3,2,30,2,2,2:46,Win,Bantamweight
841,Jose Quinonez,Rear Naked Choke,SUB,Nathaniel Wood,1,2,34,0,1,2:46,Loss,Bantamweight
842,Claudio Silva,Armbar,SUB,Danny Roberts,5,3,19,4,3,2:37,Win,Welterweight
843,Danny Roberts,Armbar,SUB,Claudio Silva,2,3,26,0,0,2:37,Loss,Welterweight
844,Jack Marshman,,S-DEC,John Phillips,0,3,31,0,0,5:00,Win,Middleweight
845,John Phillips,,S-DEC,Jack Marshman,0,3,32,0,0,5:00,Loss,Middleweight
846,Arnold Allen,,U-DEC,Jordan Rinaldi,0,3,37,0,0,5:00,Win,Featherweight
847,Jordan Rinaldi,,U-DEC,Arnold Allen,0,3,30,0,0,5:00,Loss,Featherweight
848,Marc Diakiese,,U-DEC,Joe Duffy,2,3,63,0,3,5:00,Win,Lightweight
849,Joe Duffy,,U-DEC,Marc Diakiese,0,3,15,0,1,5:00,Loss,Lightweight
850,Saparbeg Safarov,,U-DEC,Nicolae Negumereanu,7,3,70,0,3,5:00,Win,Light Heavyweight
851,Nicolae Negumereanu,,U-DEC,Saparbeg Safarov,0,3,11,0,0,5:00,Loss,Light Heavyweight
852,Dan Ige,Rear Naked Choke,SUB,Danny Henry,1,1,10,1,1,1:17,Win,Featherweight
853,Danny Henry,Rear Naked Choke,SUB,Dan Ige,0,1,4,0,0,1:17,Loss,Featherweight
854,Molly McCann,,U-DEC,Priscila Cachoeira,2,3,107,2,2,5:00,Win,Women's Flyweight
855,Priscila Cachoeira,,U-DEC,Molly McCann,0,3,75,0,0,5:00,Loss,Women's Flyweight
856,Mike Grundy,Punches,KO/TKO,Nad Narimani,1,2,33,0,1,4:42,Win,Featherweight
857,Nad Narimani,Punches,KO/TKO,Mike Grundy,0,2,22,0,0,4:42,Loss,Featherweight
858,Junior Dos Santos,Punches,KO/TKO,Derrick Lewis,0,2,29,0,0,1:58,Win,Heavyweight
859,Derrick Lewis,Punches,KO/TKO,Junior Dos Santos,0,2,7,0,0,1:58,Loss,Heavyweight
860,Elizeu Zaleski dos Santos,Rear Naked Choke,SUB,Curtis Millender,2,1,6,1,1,2:35,Win,Welterweight
861,Curtis Millender,Rear Naked Choke,SUB,Elizeu Zaleski dos Santos,0,1,0,0,0,2:35,Loss,Welterweight
862,Niko Price,Punch,KO/TKO,Tim Means,0,1,32,0,0,4:50,Win,Welterweight
863,Tim Means,Punch,KO/TKO,Niko Price,1,1,31,0,1,4:50,Loss,Welterweight
864,Blagoy Ivanov,,U-DEC,Ben Rothwell,0,3,72,0,0,5:00,Win,Heavyweight
865,Ben Rothwell,,U-DEC,Blagoy Ivanov,0,3,70,0,0,5:00,Loss,Heavyweight
866,Beneil Dariush,Armbar,SUB,Drew Dober,4,2,37,1,2,4:41,Win,Lightweight
867,Drew Dober,Armbar,SUB,Beneil Dariush,0,2,31,0,0,4:41,Loss,Lightweight
868,Omari Akhmedov,,U-DEC,Tim Boetsch,0,3,52,0,0,5:00,Win,Middleweight
869,Tim Boetsch,,U-DEC,Omari Akhmedov,0,3,41,0,0,5:00,Loss,Middleweight
870,Anthony Rocco Martin,,U-DEC,Sergio Moraes,1,3,50,0,0,5:00,Win,Welterweight
871,Sergio Moraes,,U-DEC,Anthony Rocco Martin,2,3,19,0,3,5:00,Loss,Welterweight
872,Yana Kunitskaya,,U-DEC,Marion Reneau,0,3,98,0,1,5:00,Win,Women's Bantamweight
873,Marion Reneau,,U-DEC,Yana Kunitskaya,0,3,58,0,1,5:00,Loss,Women's Bantamweight
874,Grant Dawson,,U-DEC,Julian Erosa,5,3,57,1,6,5:00,Win,Featherweight
875,Julian Erosa,,U-DEC,Grant Dawson,0,3,49,1,0,5:00,Loss,Featherweight
876,Maurice Greene,,S-DEC,Jeff Hughes,0,3,70,0,0,5:00,Win,Heavyweight
877,Jeff Hughes,,S-DEC,Maurice Greene,0,3,66,0,0,5:00,Loss,Heavyweight
878,Matt Schnell,Triangle Choke,SUB,Louis Smolka,1,1,14,2,1,3:18,Win,Bantamweight
879,Louis Smolka,Triangle Choke,SUB,Matt Schnell,0,1,13,0,0,3:18,Loss,Bantamweight
880,Alex Morono,Elbows,KO/TKO,Zak Ottow,2,1,25,1,0,3:34,Win,Welterweight
881,Zak Ottow,Elbows,KO/TKO,Alex Morono,0,1,10,0,1,3:34,Loss,Welterweight
882,Alex White,,U-DEC,Dan Moret,0,3,49,3,2,5:00,Win,Lightweight
883,Dan Moret,,U-DEC,Alex White,0,3,42,0,1,5:00,Loss,Lightweight
884,Jon Jones,,U-DEC,Anthony Smith,0,5,125,0,3,5:00,Win,Light Heavyweight
885,Anthony Smith,,U-DEC,Jon Jones,0,5,36,0,0,5:00,Loss,Light Heavyweight
886,Kamaru Usman,,U-DEC,Tyron Woodley,7,5,141,0,2,5:00,Win,Welterweight
887,Tyron Woodley,,U-DEC,Kamaru Usman,0,5,34,0,0,5:00,Loss,Welterweight
888,Ben Askren,Other - Choke,SUB,Robbie Lawler,0,1,0,1,1,3:20,Win,Welterweight
889,Robbie Lawler,Other - Choke,SUB,Ben Askren,1,1,26,0,1,3:20,Loss,Welterweight
890,Weili Zhang,,U-DEC,Tecia Torres,4,3,63,0,2,5:00,Win,Women's Strawweight
891,Tecia Torres,,U-DEC,Weili Zhang,0,3,30,0,0,5:00,Loss,Women's Strawweight
892,Pedro Munhoz,Punch,KO/TKO,Cody Garbrandt,1,1,25,0,0,4:52,Win,Bantamweight
893,Cody Garbrandt,Punch,KO/TKO,Pedro Munhoz,0,1,21,0,0,4:52,Loss,Bantamweight
894,Zabit Magomedsharipov,,U-DEC,Jeremy Stephens,4,3,70,0,3,5:00,Win,Featherweight
895,Jeremy Stephens,,U-DEC,Zabit Magomedsharipov,0,3,41,0,0,5:00,Loss,Featherweight
896,Johnny Walker,Flying Knee,KO/TKO,Misha Cirkunov,0,1,4,0,0,0:36,Win,Light Heavyweight
897,Misha Cirkunov,Flying Knee,KO/TKO,Johnny Walker,0,1,1,0,0,0:36,Loss,Light Heavyweight
898,Cody Stamann,,U-DEC,Alejandro Perez,0,3,48,0,0,5:00,Win,Bantamweight
899,Alejandro Perez,,U-DEC,Cody Stamann,0,3,41,0,1,5:00,Loss,Bantamweight
900,Diego Sanchez,Punches,KO/TKO,Mickey Gall,5,2,56,0,4,4:13,Win,Welterweight
901,Mickey Gall,Punches,KO/TKO,Diego Sanchez,0,2,23,0,0,4:13,Loss,Welterweight
902,Edmen Shahbazyan,Elbows,KO/TKO,Charles Byrd,0,1,13,0,0,0:38,Win,Middleweight
903,Charles Byrd,Elbows,KO/TKO,Edmen Shahbazyan,0,1,1,0,0,0:38,Loss,Middleweight
904,Macy Chiasson,Punch,KO/TKO,Gina Mazany,0,1,25,0,0,1:49,Win,Women's Bantamweight
905,Gina Mazany,Punch,KO/TKO,Macy Chiasson,0,1,14,0,0,1:49,Loss,Women's Bantamweight
906,Hannah Cifers,,S-DEC,Polyana Viana,0,3,67,0,0,5:00,Win,Women's Strawweight
907,Polyana Viana,,S-DEC,Hannah Cifers,0,3,77,0,0,5:00,Loss,Women's Strawweight
908,Thiago Santos,Punch,KO/TKO,Jan Blachowicz,1,3,52,0,1,0:39,Win,Light Heavyweight
909,Jan Blachowicz,Punch,KO/TKO,Thiago Santos,0,3,20,0,0,0:39,Loss,Light Heavyweight
910,Stefan Struve,Arm Triangle,SUB,Marcos Rogerio de Lima,2,2,0,1,1,2:21,Win,Heavyweight
911,Marcos Rogerio de Lima,Arm Triangle,SUB,Stefan Struve,5,2,25,0,0,2:21,Loss,Heavyweight
912,Michal Oleksiejczuk,Punch,KO/TKO,Gian Villante,0,1,14,0,0,1:34,Win,Light Heavyweight
913,Gian Villante,Punch,KO/TKO,Michal Oleksiejczuk,0,1,9,0,0,1:34,Loss,Light Heavyweight
914,Liz Carmouche,,U-DEC,Lucie Pudilova,2,3,14,2,3,5:00,Win,Women's Flyweight
915,Lucie Pudilova,,U-DEC,Liz Carmouche,1,3,33,2,0,5:00,Loss,Women's Flyweight
916,Petr Yan,,U-DEC,John Dodson,0,3,80,0,2,5:00,Win,Bantamweight
917,John Dodson,,U-DEC,Petr Yan,0,3,30,0,2,5:00,Loss,Bantamweight
918,Magomed Ankalaev,,U-DEC,Klidson Abreu,2,3,30,0,1,5:00,Win,Light Heavyweight
919,Klidson Abreu,,U-DEC,Magomed Ankalaev,0,3,23,0,0,5:00,Loss,Light Heavyweight
920,Dwight Grant,Punch,KO/TKO,Carlo Pedersoli,0,1,20,0,0,4:59,Win,Welterweight
921,Carlo Pedersoli,Punch,KO/TKO,Dwight Grant,0,1,17,0,1,4:59,Loss,Welterweight
922,Chris Fishgold,Rear Naked Choke,SUB,Daniel Teymur,5,2,14,2,5,1:10,Win,Featherweight
923,Daniel Teymur,Rear Naked Choke,SUB,Chris Fishgold,1,2,17,0,1,1:10,Loss,Featherweight
924,Gillian Robertson,Rear Naked Choke,SUB,Veronica Macedo,7,2,5,1,2,3:27,Win,Women's Flyweight
925,Veronica Macedo,Rear Naked Choke,SUB,Gillian Robertson,1,2,23,0,1,3:27,Loss,Women's Flyweight
926,Damir Hadzovic,Punches,KO/TKO,Polo Reyes,3,2,58,0,2,2:03,Win,Lightweight
927,Polo Reyes,Punches,KO/TKO,Damir Hadzovic,0,2,24,0,0,2:03,Loss,Lightweight
928,Ismail Naurdiev,,U-DEC,Michel Prazeres,4,3,63,1,0,5:00,Win,Welterweight
929,Michel Prazeres,,U-DEC,Ismail Naurdiev,3,3,15,0,3,5:00,Loss,Welterweight
930,Diego Ferreira,,U-DEC,Rustam Khabilov,0,3,83,1,0,5:00,Win,Lightweight
931,Rustam Khabilov,,U-DEC,Diego Ferreira,0,3,43,0,3,5:00,Loss,Lightweight
932,Damir Ismagulov,,U-DEC,Joel Alvarez,0,3,64,0,0,5:00,Win,Lightweight
933,Joel Alvarez,,U-DEC,Damir Ismagulov,0,3,38,0,0,5:00,Loss,Lightweight
934,Francis Ngannou,Punches,KO/TKO,Cain Velasquez,0,1,6,0,0,0:26,Win,Heavyweight
935,Cain Velasquez,Punches,KO/TKO,Francis Ngannou,0,1,1,0,0,0:26,Loss,Heavyweight
936,Paul Felder,,U-DEC,James Vick,0,3,55,0,0,5:00,Win,Lightweight
937,James Vick,,U-DEC,Paul Felder,0,3,61,0,0,5:00,Loss,Lightweight
938,Cynthia Calvillo,,U-DEC,Cortney Casey,0,3,82,0,0,5:00,Win,Women's Strawweight
939,Cortney Casey,,U-DEC,Cynthia Calvillo,0,3,73,0,0,5:00,Loss,Women's Strawweight
940,Kron Gracie,Rear Naked Choke,SUB,Alex Caceres,1,1,2,1,1,2:06,Win,Featherweight
941,Alex Caceres,Rear Naked Choke,SUB,Kron Gracie,0,1,4,0,0,2:06,Loss,Featherweight
942,Vicente Luque,Knee,KO/TKO,Bryan Barberena,1,3,163,2,0,4:54,Win,Welterweight
943,Bryan Barberena,Knee,KO/TKO,Vicente Luque,0,3,169,0,0,4:54,Loss,Welterweight
944,Andre Fili,,U-DEC,Myles Jury,0,3,98,0,0,5:00,Win,Featherweight
945,Myles Jury,,U-DEC,Andre Fili,2,3,76,0,0,5:00,Loss,Featherweight
946,Aljamain Sterling,,U-DEC,Jimmie Rivera,0,3,101,0,0,5:00,Win,Bantamweight
947,Jimmie Rivera,,U-DEC,Aljamain Sterling,1,3,24,0,0,5:00,Loss,Bantamweight
948,Manny Bermudez,Guillotine Choke,SUB,Benito Lopez,2,1,7,1,1,3:09,Win,Bantamweight
949,Benito Lopez,Guillotine Choke,SUB,Manny Bermudez,0,1,7,0,0,3:09,Loss,Bantamweight
950,Andrea Lee,,U-DEC,Ashlee Evans-Smith,0,3,111,0,0,5:00,Win,Women's Flyweight
951,Ashlee Evans-Smith,,U-DEC,Andrea Lee,2,3,66,0,2,5:00,Loss,Women's Flyweight
952,Nik Lentz,,U-DEC,Scott Holtzman,2,3,71,1,5,5:00,Win,Lightweight
953,Scott Holtzman,,U-DEC,Nik Lentz,0,3,54,0,0,5:00,Loss,Lightweight
954,Luke Sanders,Punch,KO/TKO,Renan Barao,0,2,39,0,0,1:01,Win,Bantamweight
955,Renan Barao,Punch,KO/TKO,Luke Sanders,0,2,40,0,0,1:01,Loss,Bantamweight
956,Emily Whitmire,Rear Naked Choke,SUB,Alexandra Albu,2,1,3,1,1,1:01,Win,Women's Strawweight
957,Alexandra Albu,Rear Naked Choke,SUB,Emily Whitmire,0,1,2,0,0,1:01,Loss,Women's Strawweight
958,Israel Adesanya,,U-DEC,Anderson Silva,0,3,65,0,0,5:00,Win,Middleweight
959,Anderson Silva,,U-DEC,Israel Adesanya,0,3,31,0,0,5:00,Loss,Middleweight
960,Lando Vannata,Kimura,SUB,Marcos Mariano,2,1,20,1,1,4:55,Win,Lightweight
961,Marcos Mariano,Kimura,SUB,Lando Vannata,0,1,3,0,0,4:55,Loss,Lightweight
962,Ricky Simon,,U-DEC,Rani Yahya,2,3,54,0,4,5:00,Win,Bantamweight
963,Rani Yahya,,U-DEC,Ricky Simon,0,3,47,0,0,5:00,Loss,Bantamweight
964,Montana De La Rosa,Armbar,SUB,Nadia Kassem,7,2,21,3,2,2:37,Win,Women's Flyweight
965,Nadia Kassem,Armbar,SUB,Montana De La Rosa,0,2,5,0,0,2:37,Loss,Women's Flyweight
966,Jimmy Crute,Punches,KO/TKO,Sam Alvey,0,1,14,0,0,2:49,Win,Light Heavyweight
967,Sam Alvey,Punches,KO/TKO,Jimmy Crute,0,1,3,0,0,2:49,Loss,Light Heavyweight
968,Devonte Smith,Punch,KO/TKO,Dong Hyun Ma,0,1,19,0,0,3:53,Win,Lightweight
969,Dong Hyun Ma,Punch,KO/TKO,Devonte Smith,0,1,1,0,0,3:53,Loss,Lightweight
970,Shane Young,,U-DEC,Austin Arnett,0,3,120,0,0,5:00,Win,Featherweight
971,Austin Arnett,,U-DEC,Shane Young,0,3,77,0,0,5:00,Loss,Featherweight
972,Kai Kara-France,,S-DEC,Raulian Paiva,0,3,58,0,2,5:00,Win,Flyweight
973,Raulian Paiva,,S-DEC,Kai Kara-France,1,3,67,1,0,5:00,Loss,Flyweight
974,Kyung Ho Kang,Rear Naked Choke,SUB,Teruto Ishihara,1,1,26,1,1,3:59,Win,Bantamweight
975,Teruto Ishihara,Rear Naked Choke,SUB,Kyung Ho Kang,0,1,17,0,0,3:59,Loss,Bantamweight
976,Jalin Turner,Kick,KO/TKO,Callan Potter,1,1,9,0,0,0:53,Win,Lightweight
977,Callan Potter,Kick,KO/TKO,Jalin Turner,0,1,3,0,0,0:53,Loss,Lightweight
978,Jonathan Martinez,,U-DEC,Wuliji Buren,4,3,47,0,1,5:00,Win,Bantamweight
979,Wuliji Buren,,U-DEC,Jonathan Martinez,7,3,17,1,3,5:00,Loss,Bantamweight
980,Marlon Moraes,Guillotine Choke,SUB,Raphael Assuncao,2,1,10,1,0,3:17,Win,Bantamweight
981,Raphael Assuncao,Guillotine Choke,SUB,Marlon Moraes,0,1,2,0,0,3:17,Loss,Bantamweight
982,Jose Aldo,Punches,KO/TKO,Renato Moicano,0,2,26,0,0,0:44,Win,Featherweight
983,Renato Moicano,Punches,KO/TKO,Jose Aldo,0,2,24,0,0,0:44,Loss,Featherweight
984,Demian Maia,Rear Naked Choke,SUB,Lyman Good,1,1,0,2,2,2:38,Win,Welterweight
985,Lyman Good,Rear Naked Choke,SUB,Demian Maia,0,1,0,0,0,2:38,Loss,Welterweight
986,Charles Oliveira,Anaconda Choke,SUB,David Teymur,1,2,28,1,1,0:55,Win,Lightweight
987,David Teymur,Anaconda Choke,SUB,Charles Oliveira,0,2,26,0,0,0:55,Loss,Lightweight
988,Johnny Walker,Spinning Back Fist,KO/TKO,Justin Ledet,0,1,7,0,0,0:15,Win,Light Heavyweight
989,Justin Ledet,Spinning Back Fist,KO/TKO,Johnny Walker,0,1,0,0,0,0:15,Loss,Light Heavyweight
990,Livinha Souza,,S-DEC,Sarah Frota,2,3,23,3,4,5:00,Win,Women's Strawweight
991,Sarah Frota,,S-DEC,Livinha Souza,0,3,32,0,0,5:00,Loss,Women's Strawweight
992,Markus Perez,Anaconda Choke,SUB,Anthony Hernandez,1,2,16,1,1,1:07,Win,Middleweight
993,Anthony Hernandez,Anaconda Choke,SUB,Markus Perez,0,2,17,0,0,1:07,Loss,Middleweight
994,Mara Romero Borella,,S-DEC,Taila Santos,2,3,29,0,2,5:00,Win,Women's Flyweight
995,Taila Santos,,S-DEC,Mara Romero Borella,1,3,36,2,1,5:00,Loss,Women's Flyweight
996,Thiago Alves,,S-DEC,Max Griffin,0,3,83,0,0,5:00,Win,Welterweight
997,Max Griffin,,S-DEC,Thiago Alves,2,3,112,0,2,5:00,Loss,Welterweight
998,Jairzinho Rozenstruik,Kick,KO/TKO,Junior Albini,0,2,19,0,0,0:54,Win,Heavyweight
999,Junior Albini,Kick,KO/TKO,Jairzinho Rozenstruik,4,2,18,0,2,0:54,Loss,Heavyweight
1000,Geraldo de Freitas,,U-DEC,Felipe Colares,11,3,49,0,6,5:00,Win,Featherweight
1001,Felipe Colares,,U-DEC,Geraldo de Freitas,4,3,21,0,3,5:00,Loss,Featherweight
1002,Said Nurmagomedov,Spinning Back Kick,KO/TKO,Ricardo Ramos,0,1,17,0,0,2:28,Win,Bantamweight
1003,Ricardo Ramos,Spinning Back Kick,KO/TKO,Said Nurmagomedov,0,1,2,0,0,2:28,Loss,Bantamweight
1004,Rogerio Bontorin,,S-DEC,Magomed Bibulatov,2,3,40,2,1,5:00,Win,Flyweight
1005,Magomed Bibulatov,,S-DEC,Rogerio Bontorin,0,3,58,0,4,5:00,Loss,Flyweight
1006,Henry Cejudo,Punches,KO/TKO,TJ Dillashaw,0,1,18,0,0,0:32,Win,Flyweight
1007,TJ Dillashaw,Punches,KO/TKO,Henry Cejudo,0,1,1,0,0,0:32,Loss,Flyweight
1008,Allen Crowder,,DQ,Greg Hardy,2,2,12,1,1,2:28,Win,Heavyweight
1009,Greg Hardy,,DQ,Allen Crowder,0,2,29,0,0,2:28,Loss,Heavyweight
1010,Gregor Gillespie,Punches,KO/TKO,Yancy Medeiros,7,2,51,0,6,4:59,Win,Lightweight
1011,Yancy Medeiros,Punches,KO/TKO,Gregor Gillespie,0,2,1,0,0,4:59,Loss,Lightweight
1012,Joseph Benavidez,,U-DEC,Dustin Ortiz,2,3,21,0,7,5:00,Win,Flyweight
1013,Dustin Ortiz,,U-DEC,Joseph Benavidez,2,3,49,0,3,5:00,Loss,Flyweight
1014,Paige VanZant,Armbar,SUB,Rachael Ostovich,1,2,17,2,0,1:50,Win,Women's Flyweight
1015,Rachael Ostovich,Armbar,SUB,Paige VanZant,4,2,10,0,4,1:50,Loss,Women's Flyweight
1016,Glover Teixeira,Arm Triangle,SUB,Karl Roberson,3,1,6,1,1,3:21,Win,Light Heavyweight
1017,Karl Roberson,Arm Triangle,SUB,Glover Teixeira,2,1,24,0,0,3:21,Loss,Light Heavyweight
1018,Donald Cerrone,Kick,KO/TKO,Alexander Hernandez,0,2,80,0,1,3:43,Win,Lightweight
1019,Alexander Hernandez,Kick,KO/TKO,Donald Cerrone,0,2,49,0,0,3:43,Loss,Lightweight
1020,Joanne Calderwood,,U-DEC,Ariane Lipski,4,3,85,2,1,5:00,Win,Women's Flyweight
1021,Ariane Lipski,,U-DEC,Joanne Calderwood,1,3,53,0,1,5:00,Loss,Women's Flyweight
1022,Alonzo Menifield,Punch,KO/TKO,Vinicius Moreira,0,1,33,0,0,3:56,Win,Light Heavyweight
1023,Vinicius Moreira,Punch,KO/TKO,Alonzo Menifield,0,1,11,0,0,3:56,Loss,Light Heavyweight
1024,Cory Sandhagen,Armbar,SUB,Mario Bautista,2,1,17,2,1,3:31,Win,Bantamweight
1025,Mario Bautista,Armbar,SUB,Cory Sandhagen,0,1,9,0,1,3:31,Loss,Bantamweight
1026,Dennis Bermudez,,U-DEC,Te Edwards,8,3,63,2,5,5:00,Win,Lightweight
1027,Te Edwards,,U-DEC,Dennis Bermudez,0,3,23,0,0,5:00,Loss,Lightweight
1028,Geoff Neal,,U-DEC,Belal Muhammad,0,3,71,0,0,5:00,Win,Welterweight
1029,Belal Muhammad,,U-DEC,Geoff Neal,0,3,63,0,0,5:00,Loss,Welterweight
1030,Chance Rencountre,Rear Naked Choke,SUB,Kyle Stewart,1,1,6,1,2,2:25,Win,Welterweight
1031,Kyle Stewart,Rear Naked Choke,SUB,Chance Rencountre,0,1,2,0,0,2:25,Loss,Welterweight
