,Fighter,Finish_Description,Method,Opponent,Passes,Round,Strikes,Sub_Attempts,Take_Downs,Time,WL,Weight,Fight Time (s),Fight Time (mins)
0,Chan Sung Jung,Punches,KO/TKO,Frankie Edgar,1,1,46,0,0,3:18,Win,Featherweight,198,3.3
2,Volkan Oezdemir,,S-DEC,Aleksandar Rakic,0,3,63,0,0,5:00,Win,Light Heavyweight,900,15.0
4,Charles Jourdain,Punches,KO/TKO,Dooho Choi,0,2,64,0,0,4:32,Win,Featherweight,572,9.533333333333333
6,Da-Un Jung,Punch,KO/TKO,Mike Rodriguez,0,1,5,0,0,1:04,Win,Light Heavyweight,64,1.0666666666666667
8,Junyong Park,,U-DEC,Marc-Andre Barriault,0,3,77,0,5,5:00,Win,Middleweight,900,15.0
10,Kyung Ho Kang,,S-DEC,Liu Pingyuan,2,3,20,0,3,5:00,Win,Bantamweight,900,15.0
12,Ciryl Gane,,U-DEC,Tanner Boser,0,3,65,0,0,5:00,Win,Heavyweight,900,15.0
14,SeungWoo Choi,,U-DEC,Suman Mokhtarian,2,3,95,0,0,5:00,Win,Featherweight,900,15.0
16,Omar Morales,,U-DEC,Dong Hyun Ma,3,3,32,0,1,5:00,Win,Lightweight,900,15.0
18,Alexandre Pantoja,Punch,KO/TKO,Matt Schnell,1,1,34,0,1,4:17,Win,Flyweight,257,4.283333333333333
20,Raoni Barcelos,,U-DEC,Said Nurmagomedov,4,3,42,0,2,5:00,Win,Bantamweight,900,15.0
22,Amanda Lemos,Rear Naked Choke,SUB,Miranda Granger,1,1,8,1,1,3:43,Win,Women's Strawweight,223,3.716666666666667
24,Heili Alateng,,S-DEC,Ryan Benoit,0,3,47,0,4,5:00,Win,Bantamweight,900,15.0
26,Kamaru Usman,Punch,KO/TKO,Colby Covington,0,5,175,0,0,4:10,Win,Welterweight,1450,24.166666666666668
28,Alexander Volkanovski,,U-DEC,Max Holloway,0,5,157,0,0,5:00,Win,Featherweight,1500,25.0
30,Amanda Nunes,,U-DEC,Germaine de Randamie,5,5,79,2,8,5:00,Win,Women's Bantamweight,1500,25.0
32,Marlon Moraes,,S-DEC,Jose Aldo,1,3,59,0,1,5:00,Win,Bantamweight,900,15.0
34,Petr Yan,Kick,KO/TKO,Urijah Faber,1,3,54,0,2,0:43,Win,Bantamweight,643,10.716666666666667
36,Geoff Neal,Punches,KO/TKO,Mike Perry,0,1,15,0,0,1:30,Win,Welterweight,90,1.5
38,Irene Aldana,Punch,KO/TKO,Ketlen Vieira,0,1,26,0,0,4:51,Win,Women's Bantamweight,291,4.85
40,Omari Akhmedov,,U-DEC,Ian Heinisch,1,3,55,0,2,5:00,Win,Middleweight,900,15.0
42,Matt Brown,Punches,KO/TKO,Ben Saunders,3,2,30,0,2,4:55,Win,Welterweight,595,9.916666666666666
44,Chase Hooper,Elbows,KO/TKO,Daniel Teymur,2,1,20,2,1,4:34,Win,Featherweight,274,4.566666666666666
46,Brandon Moreno,,U-DEC,Kai Kara-France,0,3,91,0,0,5:00,Win,Flyweight,900,15.0
48,Jessica Eye,,U-DEC,Viviane Araujo,0,3,98,0,0,5:00,Win,Women's Flyweight,900,15.0
50,Punahele Soriano,Punch,KO/TKO,Oskar Piechota,2,1,26,0,1,3:17,Win,Middleweight,197,3.283333333333333
52,Jairzinho Rozenstruik,Punch,KO/TKO,Alistair Overeem,0,5,89,0,0,4:56,Win,Heavyweight,1496,24.933333333333334
56,Ben Rothwell,Punches,KO/TKO,Stefan Struve,0,2,58,0,0,4:57,Win,Heavyweight,597,9.95
58,Aspen Ladd,Punches,KO/TKO,Yana Kunitskaya,3,3,47,0,2,0:33,Win,Women's Bantamweight,633,10.55
62,Rob Font,,U-DEC,Ricky Simon,0,3,90,0,1,5:00,Win,Bantamweight,900,15.0
64,Tim Means,Guillotine Choke,SUB,Thiago Alves,0,1,23,1,0,2:38,Win,Welterweight,158,2.6333333333333333
66,Billy Quarantillo,Triangle Choke,SUB,Jacob Kilburn,9,2,74,5,1,3:18,Win,Featherweight,498,8.3
68,Bryce Mitchell,Other,SUB,Matt Sayles,5,1,6,1,1,4:20,Win,Featherweight,260,4.333333333333333
70,Joe Solecki,,U-DEC,Matt Wiman,6,3,56,0,4,5:00,Win,Lightweight,900,15.0
72,Virna Jandiroba,Rear Naked Choke,SUB,Mallory Martin,5,2,7,3,3,1:16,Win,Women's Strawweight,376,6.266666666666667
74,Makhmud Muradov,Punch,KO/TKO,Trevor Smith,1,3,91,1,1,4:09,Win,Middleweight,849,14.15
76,Jan Blachowicz,,S-DEC,Jacare Souza,0,5,71,0,0,5:00,Win,Light Heavyweight,1500,25.0
80,Charles Oliveira,Punch,KO/TKO,Jared Gordon,0,1,10,0,0,1:26,Win,Lightweight,86,1.4333333333333333
82,Andre Muniz,,U-DEC,Antonio Arroyo,2,3,22,2,3,5:00,Win,Middleweight,900,15.0
84,Wellington Turman,,U-DEC,Markus Perez,1,3,48,0,2,5:00,Win,Middleweight,900,15.0
86,James Krause,Punch,KO/TKO,Sergio Moraes,1,3,102,0,0,4:19,Win,Welterweight,859,14.316666666666666
88,Ricardo Ramos,Rear Naked Choke,SUB,Eduardo Garagorri,1,1,10,1,2,3:57,Win,Featherweight,237,3.95
90,Francisco Trinaldo,,U-DEC,Bobby Green,0,3,31,1,1,5:00,Win,Lightweight,900,15.0
92,Randy Brown,Triangle Choke,SUB,Warlley Alves,1,2,16,1,1,1:22,Win,Welterweight,382,6.366666666666666
94,Douglas Silva de Andrade,,U-DEC,Renan Barao,0,3,74,0,0,5:00,Win,Featherweight,900,15.0
96,Ariane Lipski,,U-DEC,Isabela de Padua,2,3,31,1,0,5:00,Win,Women's Flyweight,900,15.0
98,Tracy Cortez,,U-DEC,Vanessa Melo,1,3,79,0,2,5:00,Win,Women's Bantamweight,900,15.0
100,Zabit Magomedsharipov,,U-DEC,Calvin Kattar,0,3,96,0,1,5:00,Win,Featherweight,900,15.0
102,Alexander Volkov,,U-DEC,Greg Hardy,0,3,86,0,0,5:00,Win,Heavyweight,900,15.0
104,Danny Roberts,Punch,KO/TKO,Zelim Imadaev,0,2,37,0,1,4:54,Win,Welterweight,594,9.9
106,Ed Herman,,U-DEC,Khadis Ibragimov,0,3,81,0,0,5:00,Win,Light Heavyweight,900,15.0
108,Anthony Rocco Martin,,U-DEC,Ramazan Emeev,0,3,41,2,0,5:00,Win,Welterweight,900,15.0
110,Shamil Gamzatov,,S-DEC,Klidson Abreu,0,3,64,0,0,5:00,Win,Light Heavyweight,900,15.0
112,Magomed Ankalaev,Kick,KO/TKO,Dalcha Lungiambula,1,3,44,0,1,0:29,Win,Light Heavyweight,629,10.483333333333333
114,Rustam Khabilov,,U-DEC,Sergey Khandozhko,1,3,12,0,4,5:00,Win,Welterweight,900,15.0
116,Karl Roberson,Rear Naked Choke,SUB,Roman Kopylov,1,3,43,1,1,4:01,Win,Middleweight,841,14.016666666666667
118,David Zawada,Triangle Choke,SUB,Abubakar Nurmagomedov,0,1,2,2,0,2:50,Win,Welterweight,170,2.8333333333333335
120,Roosevelt Roberts,,U-DEC,Alexander Yakovlev,3,3,28,0,0,5:00,Win,Lightweight,900,15.0
122,Pannie Kianzad,,U-DEC,Jessica-Rose Clark,0,3,98,0,0,5:00,Win,Women's Bantamweight,900,15.0
124,Davey Grant,,S-DEC,Grigorii Popov,2,3,30,0,6,5:00,Win,Bantamweight,900,15.0
126,Jorge Masvidal,,KO/TKO,Nate Diaz,0,3,112,0,1,5:00,Win,Welterweight,900,15.0
128,Darren Till,,S-DEC,Kelvin Gastelum,0,3,36,0,1,5:00,Win,Middleweight,900,15.0
130,Stephen Thompson,,U-DEC,Vicente Luque,0,3,138,0,0,5:00,Win,Welterweight,900,15.0
132,Derrick Lewis,,S-DEC,Blagoy Ivanov,1,3,31,0,1,5:00,Win,Heavyweight,900,15.0
134,Kevin Lee,Kick,KO/TKO,Gregor Gillespie,0,1,21,0,0,2:47,Win,Lightweight,167,2.783333333333333
136,Corey Anderson,Punches,KO/TKO,Johnny Walker,0,1,22,0,1,2:07,Win,Light Heavyweight,127,2.1166666666666667
138,Shane Burgos,Punch,KO/TKO,Makwan Amirkhani,1,3,105,0,0,4:32,Win,Featherweight,872,14.533333333333333
140,Edmen Shahbazyan,Kick,KO/TKO,Brad Tavares,0,1,14,0,0,2:27,Win,Middleweight,147,2.45
142,Jairzinho Rozenstruik,Punch,KO/TKO,Andrei Arlovski,0,1,5,0,0,0:29,Win,Heavyweight,29,0.48333333333333334
144,Katlyn Chookagian,,U-DEC,Jennifer Maia,0,3,73,0,0,5:00,Win,Women's Flyweight,900,15.0
146,Lyman Good,Punch,KO/TKO,Chance Rencountre,0,3,68,0,0,2:03,Win,Welterweight,723,12.05
148,Hakeem Dawodu,,S-DEC,Julio Arce,0,3,55,0,0,5:00,Win,Featherweight,900,15.0
150,Demian Maia,Rear Naked Choke,SUB,Ben Askren,4,3,69,1,0,3:54,Win,Welterweight,834,13.9
152,Stevie Ray,,M-DEC,Michael Johnson,1,3,85,0,1,5:00,Win,Lightweight,900,15.0
154,Beneil Dariush,Rear Naked Choke,SUB,Frank Camacho,1,1,13,1,2,2:02,Win,Lightweight,122,2.033333333333333
156,Ciryl Gane,Heel Hook,SUB,Don'Tale Mayes,1,3,94,1,3,4:46,Win,Heavyweight,886,14.766666666666667
158,Muslim Salikhov,,U-DEC,Laureano Staropoli,0,3,63,0,3,5:00,Win,Welterweight,900,15.0
160,Randa Markos,,S-DEC,Ashley Yoder,1,3,78,0,0,5:00,Win,Women's Strawweight,900,15.0
162,Rafael Fiziev,,U-DEC,Alex White,0,3,66,0,1,5:00,Win,Lightweight,900,15.0
164,Movsar Evloev,,U-DEC,Enrique Barzola,0,3,71,0,4,5:00,Win,Featherweight,900,15.0
166,Sergei Pavlovich,Punches,KO/TKO,Maurice Greene,0,1,20,0,0,2:11,Win,Heavyweight,131,2.183333333333333
168,Loma Lookboonmee,,S-DEC,Alexandra Albu,0,3,99,0,1,5:00,Win,Women's Strawweight,900,15.0
170,Raphael Pessoa,,U-DEC,Jeff Hughes,0,3,39,0,0,5:00,Win,Heavyweight,900,15.0
172,Dominick Reyes,Punches,KO/TKO,Chris Weidman,0,1,8,0,0,1:43,Win,Light Heavyweight,103,1.7166666666666666
174,Yair Rodriguez,,U-DEC,Jeremy Stephens,0,3,96,0,0,5:00,Win,Featherweight,900,15.0
178,Joe Lauzon,Punches,KO/TKO,Jonathan Pearce,2,1,25,0,1,1:33,Win,Lightweight,93,1.55
180,Maycee Barber,Punches,KO/TKO,Gillian Robertson,0,1,34,0,0,3:04,Win,Women's Flyweight,184,3.066666666666667
182,Darren Stewart,,S-DEC,Deron Winn,0,3,57,0,1,5:00,Win,Middleweight,900,15.0
184,Charles Rosa,Armbar,SUB,Manny Bermudez,0,1,6,1,0,2:46,Win,Featherweight,166,2.7666666666666666
186,Molly McCann,,U-DEC,Diana Belbita,5,3,113,1,5,5:00,Win,Women's Flyweight,900,15.0
188,Sean Woodson,,U-DEC,Kyle Bochniak,0,3,111,0,0,5:00,Win,Featherweight,900,15.0
190,Randy Costa,Punch,KO/TKO,Boston Salmon,0,1,22,0,0,2:15,Win,Bantamweight,135,2.25
192,Sean Brady,,U-DEC,Court McGee,0,3,119,0,2,5:00,Win,Welterweight,900,15.0
194,Brendan Allen,Rear Naked Choke,SUB,Kevin Holland,5,2,10,4,2,3:38,Win,Middleweight,518,8.633333333333333
196,Tanner Boser,,U-DEC,Daniel Spitz,0,3,93,0,0,5:00,Win,Heavyweight,900,15.0
198,Joanna Jedrzejczyk,,U-DEC,Michelle Waterson,0,5,180,1,3,5:00,Win,Women's Strawweight,1500,25.0
200,Cub Swanson,,U-DEC,Kron Gracie,0,3,135,0,0,5:00,Win,Featherweight,900,15.0
202,Niko Price,Kick,KO/TKO,James Vick,1,1,11,0,0,1:44,Win,Welterweight,104,1.7333333333333334
204,Amanda Ribas,,U-DEC,Mackenzie Dern,0,3,74,0,2,5:00,Win,Women's Strawweight,900,15.0
206,Matt Frevola,,S-DEC,Luis Pena,1,3,48,0,4,5:00,Win,Lightweight,900,15.0
208,Eryk Anders,,S-DEC,Gerald Meerschaert,0,3,64,0,0,5:00,Win,Middleweight,900,15.0
210,Ryan Spann,Guillotine Choke,SUB,Devin Clark,0,2,17,1,0,2:01,Win,Light Heavyweight,421,7.016666666666667
212,Mike Davis,Punch,KO/TKO,Thomas Gifford,1,3,139,0,2,4:45,Win,Lightweight,885,14.75
214,Alex Morono,,U-DEC,Max Griffin,0,3,81,0,0,5:00,Win,Welterweight,900,15.0
216,Deiveson Figueiredo,Guillotine Choke,SUB,Tim Elliott,0,1,8,1,0,3:08,Win,Flyweight,188,3.1333333333333333
218,Marlon Vera,Elbows,KO/TKO,Andre Ewell,0,3,80,2,0,3:17,Win,Bantamweight,797,13.283333333333333
220,Miguel Baeza,Kick,KO/TKO,Hector Aldana,0,2,35,0,1,2:32,Win,Welterweight,452,7.533333333333333
222,Marvin Vettori,,U-DEC,Andrew Sanchez,0,3,85,0,0,5:00,Win,Middleweight,900,15.0
224,JJ Aldrich,,U-DEC,Lauren Mueller,1,3,74,0,1,5:00,Win,Women's Flyweight,900,15.0
226,Israel Adesanya,Punch,KO/TKO,Robert Whittaker,0,2,40,0,0,3:33,Win,Middleweight,513,8.55
228,Dan Hooker,,U-DEC,Al Iaquinta,2,3,98,0,0,5:00,Win,Lightweight,900,15.0
230,Serghei Spivac,Arm Triangle,SUB,Tai Tuivasa,6,2,23,1,6,3:14,Win,Heavyweight,494,8.233333333333333
232,Dhiego Lima,,S-DEC,Luke Jumeau,0,3,32,0,2,5:00,Win,Welterweight,900,15.0
234,Yorgan De Castro,Punch,KO/TKO,Justin Tafa,0,1,4,0,0,2:10,Win,Heavyweight,130,2.1666666666666665
236,Jake Matthews,,U-DEC,Rostem Akman,0,3,59,0,0,5:00,Win,Welterweight,900,15.0
238,Callan Potter,,U-DEC,Maki Pitolo,4,3,48,0,3,5:00,Win,Welterweight,900,15.0
240,Brad Riddell,,U-DEC,Jamie Mullarkey,5,3,91,0,1,5:00,Win,Lightweight,900,15.0
242,Megan Anderson,Triangle Choke,SUB,Zarah Fairn,2,1,10,1,1,3:57,Win,Women's Featherweight,237,3.95
244,Ji Yeon Kim,Punch,KO/TKO,Nadia Kassem,0,2,80,0,0,4:59,Win,Women's Flyweight,599,9.983333333333333
246,Khalid Taha,Arm Triangle,SUB,Bruno Silva,1,3,38,1,0,3:00,Win,Bantamweight,780,13.0
248,Jared Cannonier,Punch,KO/TKO,Jack Hermansson,1,2,28,0,0,0:27,Win,Middleweight,327,5.45
250,Mark Madsen,Punches,KO/TKO,Danilo Belluardo,1,1,22,0,1,1:12,Win,Lightweight,72,1.2
252,Gilbert Burns,,U-DEC,Gunnar Nelson,1,3,30,1,1,5:00,Win,Welterweight,900,15.0
254,Ion Cutelaba,Elbows,KO/TKO,Khalil Rountree Jr.,1,1,15,0,4,2:35,Win,Light Heavyweight,155,2.5833333333333335
256,Ovince Saint Preux,Other - Choke,SUB,Michal Oleksiejczuk,2,2,14,1,1,2:46,Win,Light Heavyweight,466,7.766666666666667
258,Nicolas Dalby,,U-DEC,Alex Oliveira,4,3,31,0,1,5:00,Win,Welterweight,900,15.0
260,John Phillips,Punch,KO/TKO,Alen Amedovski,0,1,5,0,0,0:17,Win,Middleweight,17,0.2833333333333333
262,Makhmud Muradov,,U-DEC,Alessio Di Chirico,0,3,54,0,0,5:00,Win,Middleweight,900,15.0
264,Ismail Naurdiev,,U-DEC,Siyar Bahadurzada,3,3,69,0,3,5:00,Win,Welterweight,900,15.0
266,Giga Chikadze,,S-DEC,Brandon Davis,1,3,59,0,1,5:00,Win,Featherweight,900,15.0
268,Lina Lansberg,,U-DEC,Macy Chiasson,3,3,21,0,2,5:00,Win,Women's Bantamweight,900,15.0
270,Marc Diakiese,,U-DEC,Lando Vannata,1,3,40,0,4,5:00,Win,Lightweight,900,15.0
272,Jack Shore,Rear Naked Choke,SUB,Nohelin Hernandez,11,3,46,1,4,2:51,Win,Bantamweight,771,12.85
276,Carla Esparza,,M-DEC,Alexa Grasso,1,3,44,0,4,5:00,Win,Women's Strawweight,900,15.0
280,Irene Aldana,,U-DEC,Vanessa Melo,0,3,125,0,0,5:00,Win,Women's Bantamweight,900,15.0
282,Steven Peterson,Spinning Back Fist,KO/TKO,Martin Bravo,0,2,49,0,0,1:31,Win,Featherweight,391,6.516666666666667
284,Jose Quinonez,,U-DEC,Carlos Huachin,2,3,60,0,2,5:00,Win,Bantamweight,900,15.0
286,Kyle Nelson,Punch,KO/TKO,Polo Reyes,0,1,12,0,0,1:36,Win,Featherweight,96,1.6
288,Angela Hill,Elbow,KO/TKO,Ariane Carnelossi,0,3,92,0,0,1:56,Win,Women's Strawweight,716,11.933333333333334
290,Sergio Pettis,,U-DEC,Tyson Nam,0,3,96,0,0,5:00,Win,Flyweight,900,15.0
292,Paul Craig,Rear Naked Choke,SUB,Vinicius Moreira,1,1,18,1,1,3:19,Win,Light Heavyweight,199,3.316666666666667
294,Bethe Correia,,U-DEC,Sijara Eubanks,0,3,59,0,0,5:00,Win,Women's Bantamweight,900,15.0
296,Claudio Puelles,,U-DEC,Marcos Mariano,7,3,22,2,4,5:00,Win,Lightweight,900,15.0
298,Justin Gaethje,Punch,KO/TKO,Donald Cerrone,0,1,40,0,0,4:18,Win,Lightweight,258,4.3
300,Glover Teixeira,,S-DEC,Nikita Krylov,4,3,43,2,1,5:00,Win,Light Heavyweight,900,15.0
304,Tristan Connelly,,U-DEC,Michel Pereira,3,3,64,1,0,5:00,Win,Welterweight,900,15.0
306,Uriah Hall,,S-DEC,Antonio Carlos Junior,1,3,34,0,0,5:00,Win,Middleweight,900,15.0
308,Misha Cirkunov,Peruvian Necktie,SUB,Jimmy Crute,4,1,6,1,1,3:38,Win,Light Heavyweight,218,3.6333333333333333
310,Augusto Sakai,Punches,KO/TKO,Marcin Tybura,0,1,15,0,0,0:59,Win,Heavyweight,59,0.9833333333333333
312,Miles Johns,,S-DEC,Cole Smith,2,3,31,0,1,5:00,Win,Bantamweight,900,15.0
314,Hunter Azure,,U-DEC,Brad Katona,1,3,41,0,0,5:00,Win,Bantamweight,900,15.0
316,Chas Skelly,,U-DEC,Jordan Griffin,3,3,21,3,1,5:00,Win,Featherweight,900,15.0
318,Louis Smolka,Punch,KO/TKO,Ryan MacDonald,0,1,59,0,0,4:43,Win,Bantamweight,283,4.716666666666667
320,Austin Hubbard,,U-DEC,Kyle Prepolec,4,3,51,0,3,5:00,Win,Lightweight,900,15.0
322,Khabib Nurmagomedov,Rear Naked Choke,SUB,Dustin Poirier,5,3,22,2,7,2:06,Win,Lightweight,726,12.1
324,Paul Felder,,S-DEC,Edson Barboza,0,3,56,0,0,5:00,Win,Lightweight,900,15.0
326,Islam Makhachev,,U-DEC,Davi Ramos,0,3,43,0,0,5:00,Win,Lightweight,900,15.0
328,Curtis Blaydes,Elbow,KO/TKO,Shamil Abdurakhimov,3,2,25,0,5,2:22,Win,Heavyweight,442,7.366666666666666
330,Diego Ferreira,,U-DEC,Mairbek Taisumov,0,3,109,0,0,5:00,Win,Lightweight,900,15.0
332,Joanne Calderwood,,S-DEC,Andrea Lee,1,3,101,0,2,5:00,Win,Women's Flyweight,900,15.0
336,Sarah Moras,Elbows,KO/TKO,Liana Jojua,1,3,44,1,0,2:26,Win,Women's Bantamweight,746,12.433333333333334
338,Ottman Azaitar,Punch,KO/TKO,Teemu Packalen,0,1,27,0,0,3:33,Win,Lightweight,213,3.55
340,Belal Muhammad,Rear Naked Choke,SUB,Takashi Sato,2,3,49,1,2,1:55,Win,Welterweight,715,11.916666666666666
342,Muslim Salikhov,Punch,KO/TKO,Nordine Taleb,0,1,10,0,0,4:26,Win,Welterweight,266,4.433333333333334
344,Omari Akhmedov,,U-DEC,Zak Cummings,3,3,26,0,2,5:00,Win,Middleweight,900,15.0
346,Don Madge,,U-DEC,Fares Ziam,2,3,21,0,3,5:00,Win,Lightweight,900,15.0
348,Weili Zhang,Punch,KO/TKO,Jessica Andrade,0,1,29,0,0,0:42,Win,Women's Strawweight,42,0.7
350,Jingliang Li,Punches,KO/TKO,Elizeu Zaleski dos Santos,0,3,59,0,2,4:51,Win,Welterweight,891,14.85
352,Kai Kara-France,,U-DEC,Mark De La Rosa,0,3,91,0,1,5:00,Win,Flyweight,900,15.0
354,Kenan Song,,U-DEC,Derrick Krantz,0,3,58,0,0,5:00,Win,Welterweight,900,15.0
356,Mizuki Inoue,,S-DEC,Yanan Wu,0,3,93,0,0,5:00,Win,Women's Flyweight,900,15.0
358,Anthony Hernandez,Anaconda Choke,SUB,Junyong Park,1,2,59,1,6,4:39,Win,Middleweight,579,9.65
360,Su Mudaerji,,U-DEC,Andre Soukhamthath,3,3,93,0,1,5:00,Win,Bantamweight,900,15.0
362,Da-Un Jung,Guillotine Choke,SUB,Khadis Ibragimov,0,3,81,1,0,1:59,Win,Light Heavyweight,719,11.983333333333333
364,Damir Ismagulov,,U-DEC,Thiago Moises,0,3,71,0,0,5:00,Win,Lightweight,900,15.0
366,Heili Alateng,,U-DEC,Danaa Batgerel,2,3,36,0,3,5:00,Win,Bantamweight,900,15.0
368,Karol Rosa,,S-DEC,Lara Procopio,0,3,171,0,0,5:00,Win,Women's Bantamweight,900,15.0
370,Stipe Miocic,Punches,KO/TKO,Daniel Cormier,0,4,123,0,1,4:09,Win,Heavyweight,1149,19.15
372,Nate Diaz,,U-DEC,Anthony Pettis,4,3,114,0,1,5:00,Win,Welterweight,900,15.0
374,Paulo Costa,,U-DEC,Yoel Romero,0,3,118,0,0,5:00,Win,Middleweight,900,15.0
376,Sodiq Yusuff,Punch,KO/TKO,Gabriel Benitez,0,1,34,0,0,4:14,Win,Featherweight,254,4.233333333333333
378,Derek Brunson,,U-DEC,Ian Heinisch,1,3,81,0,2,5:00,Win,Middleweight,900,15.0
380,Khama Worthy,Punch,KO/TKO,Devonte Smith,0,1,21,0,0,4:15,Win,Lightweight,255,4.25
382,Cory Sandhagen,,U-DEC,Raphael Assuncao,0,3,62,0,0,5:00,Win,Bantamweight,900,15.0
384,Drakkar Klose,,U-DEC,Christos Giagos,2,3,99,0,2,5:00,Win,Lightweight,900,15.0
386,Casey Kenney,,U-DEC,Manny Bermudez,7,3,43,1,2,5:00,Win,Catch Weight,900,15.0
388,Hannah Cifers,,U-DEC,Jodie Esquibel,0,3,70,1,1,5:00,Win,Women's Strawweight,900,15.0
390,Kyung Ho Kang,,S-DEC,Brandon Davis,3,3,50,0,3,5:00,Win,Bantamweight,900,15.0
392,Sabina Mazo,,U-DEC,Shana Dobson,3,3,108,0,4,5:00,Win,Women's Flyweight,900,15.0
394,Valentina Shevchenko,,U-DEC,Liz Carmouche,3,5,42,0,1,5:00,Win,Women's Flyweight,1500,25.0
396,Vicente Luque,,S-DEC,Mike Perry,0,3,84,1,0,5:00,Win,Welterweight,900,15.0
398,Eduardo Garagorri,,U-DEC,Humberto Bandenay,1,3,65,0,1,5:00,Win,Featherweight,900,15.0
400,Volkan Oezdemir,Punch,KO/TKO,Ilir Latifi,0,2,64,0,0,4:31,Win,Light Heavyweight,571,9.516666666666667
402,Rodolfo Vieira,Arm Triangle,SUB,Oskar Piechota,4,2,18,1,3,4:26,Win,Middleweight,566,9.433333333333334
404,Enrique Barzola,,S-DEC,Bobby Moffett,0,3,83,0,3,5:00,Win,Featherweight,900,15.0
406,Gilbert Burns,,U-DEC,Aleksei Kunchenko,2,3,42,0,3,5:00,Win,Welterweight,900,15.0
408,Ciryl Gane,Arm Triangle,SUB,Raphael Pessoa,1,1,15,1,0,4:12,Win,Heavyweight,252,4.2
410,Marina Rodriguez,,U-DEC,Tecia Torres,0,3,84,1,1,5:00,Win,Women's Strawweight,900,15.0
412,Rogerio Bontorin,,KO/TKO,Raulian Paiva,1,1,8,0,2,2:56,Win,Flyweight,176,2.933333333333333
414,Chris Gutierrez,,S-DEC,Geraldo de Freitas,0,3,48,0,1,5:00,Win,Bantamweight,900,15.0
416,Alex Da Silva,,U-DEC,Kazula Vargas,4,3,17,0,3,5:00,Win,Lightweight,900,15.0
418,Veronica Macedo,Armbar,SUB,Polyana Viana,0,1,1,1,0,1:09,Win,Women's Flyweight,69,1.15
420,Colby Covington,,U-DEC,Robbie Lawler,0,5,179,0,10,5:00,Win,Welterweight,1500,25.0
422,Jim Miller,Guillotine Choke,SUB,Clay Guida,0,1,2,1,0,0:58,Win,Lightweight,58,0.9666666666666667
424,Nasrat Haqparast,Punch,KO/TKO,Joaquim Silva,0,2,21,0,0,0:36,Win,Lightweight,336,5.6
426,Gerald Meerschaert,Guillotine Choke,SUB,Trevin Giles,2,3,6,1,1,1:49,Win,Middleweight,709,11.816666666666666
428,Scott Holtzman,,KO/TKO,Dong Hyun Ma,3,2,44,0,1,5:00,Win,Lightweight,600,10.0
430,Kennedy Nzechukwu,,U-DEC,Darko Stosic,0,3,50,0,0,5:00,Win,Light Heavyweight,900,15.0
432,Mickey Gall,,U-DEC,Salim Touahri,1,3,50,0,1,5:00,Win,Welterweight,900,15.0
434,Antonina Shevchenko,Rear Naked Choke,SUB,Lucie Pudilova,1,2,16,3,0,1:20,Win,Women's Flyweight,380,6.333333333333333
436,Matt Schnell,Triangle Choke,SUB,Jordan Espinosa,0,1,3,1,0,1:23,Win,Flyweight,83,1.3833333333333333
438,Lauren Murphy,Knee,KO/TKO,Mara Romero Borella,1,3,24,0,0,1:46,Win,Women's Flyweight,706,11.766666666666667
440,Claudio Silva,Neck Crank,SUB,Cole Williams,1,1,32,1,1,2:35,Win,Welterweight,155,2.5833333333333335
442,Miranda Granger,,U-DEC,Hannah Goldy,0,3,61,0,0,5:00,Win,Women's Flyweight,900,15.0
444,Max Holloway,,U-DEC,Frankie Edgar,0,5,129,0,0,5:00,Win,Featherweight,1500,25.0
446,Cris Cyborg,,U-DEC,Felicia Spencer,1,3,122,0,0,5:00,Win,Women's Featherweight,900,15.0
448,Geoff Neal,Punches,KO/TKO,Niko Price,2,2,41,0,2,2:39,Win,Welterweight,459,7.65
450,Arman Tsarukyan,,U-DEC,Olivier Aubin-Mercier,0,3,47,0,2,5:00,Win,Lightweight,900,15.0
452,Krzysztof Jotko,,S-DEC,Marc-Andre Barriault,0,3,40,0,1,5:00,Win,Middleweight,900,15.0
454,Viviane Araujo,,U-DEC,Alexis Davis,0,3,67,0,2,5:00,Win,Women's Flyweight,900,15.0
456,Hakeem Dawodu,Kick,KO/TKO,Yoshinori Horie,0,3,80,0,0,4:09,Win,Featherweight,849,14.15
458,Gavin Tucker,Rear Naked Choke,SUB,SeungWoo Choi,3,3,37,2,5,3:17,Win,Featherweight,797,13.283333333333333
460,Deiveson Figueiredo,,U-DEC,Alexandre Pantoja,2,3,67,0,2,5:00,Win,Flyweight,900,15.0
462,Gillian Robertson,Elbows,KO/TKO,Sarah Frota,4,2,29,0,2,4:13,Win,Women's Flyweight,553,9.216666666666667
464,Erik Koch,,U-DEC,Kyle Stewart,4,3,37,0,4,5:00,Win,Welterweight,900,15.0
466,Leon Edwards,,U-DEC,Rafael Dos Anjos,2,5,92,0,3,5:00,Win,Welterweight,1500,25.0
468,Walt Harris,Punch,KO/TKO,Aleksei Oleinik,0,1,4,0,0,0:12,Win,Heavyweight,12,0.2
470,Greg Hardy,Punches,KO/TKO,Juan Adams,0,1,36,0,0,0:45,Win,Heavyweight,45,0.75
472,Dan Hooker,Punch,KO/TKO,James Vick,0,1,22,0,0,2:33,Win,Lightweight,153,2.55
474,Alexander Hernandez,,U-DEC,Francisco Trinaldo,0,3,25,0,0,5:00,Win,Lightweight,900,15.0
476,Andrei Arlovski,,U-DEC,Ben Rothwell,0,3,152,0,0,5:00,Win,Heavyweight,900,15.0
478,Alex Caceres,,U-DEC,Steven Peterson,0,3,94,0,0,5:00,Win,Featherweight,900,15.0
480,Raquel Pennington,,S-DEC,Irene Aldana,1,3,47,0,1,5:00,Win,Women's Bantamweight,900,15.0
482,Klidson Abreu,,U-DEC,Sam Alvey,1,3,36,0,1,5:00,Win,Light Heavyweight,900,15.0
484,Jennifer Maia,,U-DEC,Roxanne Modafferi,0,3,83,0,0,5:00,Win,Women's Flyweight,900,15.0
486,Ray Borg,,U-DEC,Gabriel Silva,7,3,15,1,6,5:00,Win,Bantamweight,900,15.0
488,Mario Bautista,,U-DEC,Jinsoo Son,0,3,129,0,0,5:00,Win,Bantamweight,900,15.0
490,Felipe Colares,,S-DEC,Domingo Pilarte,1,3,23,0,2,5:00,Win,Bantamweight,900,15.0
492,Germaine de Randamie,Punch,KO/TKO,Aspen Ladd,0,1,4,0,0,0:16,Win,Women's Bantamweight,16,0.26666666666666666
494,Urijah Faber,Punch,KO/TKO,Ricky Simon,0,1,11,0,0,0:46,Win,Bantamweight,46,0.7666666666666667
496,Josh Emmett,Punches,KO/TKO,Mirsad Bektic,1,1,27,0,0,4:25,Win,Featherweight,265,4.416666666666667
498,Karl Roberson,,S-DEC,Wellington Turman,1,3,50,0,0,5:00,Win,Middleweight,900,15.0
500,Marvin Vettori,,U-DEC,Cezar Ferreira,2,3,78,0,2,5:00,Win,Middleweight,900,15.0
504,Andre Fili,Punch,KO/TKO,Sheymon Moraes,0,1,19,0,0,3:07,Win,Featherweight,187,3.1166666666666667
506,Julianna Pena,,U-DEC,Nicco Montano,2,3,45,0,2,5:00,Win,Women's Bantamweight,900,15.0
508,Ryan Hall,,U-DEC,Darren Elkins,0,3,36,1,0,5:00,Win,Featherweight,900,15.0
510,Jonathan Martinez,Knee,KO/TKO,Liu Pingyuan,0,3,32,0,0,3:54,Win,Bantamweight,834,13.9
512,Brianna Van Buren,,U-DEC,Livinha Souza,0,3,72,0,3,5:00,Win,Women's Strawweight,900,15.0
514,Benito Lopez,,U-DEC,Vince Morales,0,3,54,0,0,5:00,Win,Bantamweight,900,15.0
516,Jon Jones,,S-DEC,Thiago Santos,0,5,59,0,0,5:00,Win,Light Heavyweight,1500,25.0
518,Amanda Nunes,Kick,KO/TKO,Holly Holm,0,1,17,0,0,4:10,Win,Women's Bantamweight,250,4.166666666666667
520,Jorge Masvidal,Flying Knee,KO/TKO,Ben Askren,0,1,3,0,0,0:05,Win,Welterweight,5,0.08333333333333333
522,Jan Blachowicz,Punch,KO/TKO,Luke Rockhold,0,2,30,0,0,1:39,Win,Light Heavyweight,399,6.65
524,Michael Chiesa,,U-DEC,Diego Sanchez,8,3,47,0,5,5:00,Win,Welterweight,900,15.0
526,Arnold Allen,,U-DEC,Gilbert Melendez,0,3,102,0,1,5:00,Win,Featherweight,900,15.0
528,Marlon Vera,Rear Naked Choke,SUB,Nohelin Hernandez,2,2,10,1,1,3:25,Win,Bantamweight,505,8.416666666666666
530,Claudia Gadelha,,U-DEC,Randa Markos,0,3,40,0,0,5:00,Win,Women's Strawweight,900,15.0
532,Song Yadong,Punch,KO/TKO,Alejandro Perez,0,1,8,0,0,2:04,Win,Bantamweight,124,2.066666666666667
534,Edmen Shahbazyan,Rear Naked Choke,SUB,Jack Marshman,2,1,13,1,1,1:12,Win,Middleweight,72,1.2
536,Chance Rencountre,,U-DEC,Ismail Naurdiev,4,3,4,0,2,5:00,Win,Welterweight,900,15.0
538,Julia Avila,,U-DEC,Pannie Kianzad,2,3,49,0,0,5:00,Win,Women's Bantamweight,900,15.0
540,Francis Ngannou,Punch,KO/TKO,Junior Dos Santos,0,1,9,0,0,1:11,Win,Heavyweight,71,1.1833333333333333
542,Joseph Benavidez,Punches,KO/TKO,Jussier Formiga,1,2,50,0,0,4:47,Win,Flyweight,587,9.783333333333333
544,Demian Maia,,M-DEC,Anthony Rocco Martin,4,3,3,0,3,5:00,Win,Welterweight,900,15.0
546,Vinc Pichel,,U-DEC,Roosevelt Roberts,6,3,60,1,3,5:00,Win,Lightweight,900,15.0
548,Drew Dober,Punches,KO/TKO,Polo Reyes,0,1,16,0,0,1:07,Win,Lightweight,67,1.1166666666666667
550,Alonzo Menifield,Punch,KO/TKO,Paul Craig,0,1,8,0,0,3:19,Win,Light Heavyweight,199,3.316666666666667
552,Ricardo Ramos,,U-DEC,Journey Newson,3,3,40,0,3,5:00,Win,Bantamweight,900,15.0
554,Eryk Anders,Punch,KO/TKO,Vinicius Moreira,0,1,11,0,0,1:18,Win,Light Heavyweight,78,1.3
556,Jared Gordon,,U-DEC,Dan Moret,5,3,48,0,2,5:00,Win,Lightweight,900,15.0
558,Dalcha Lungiambula,Punch,KO/TKO,Dequan Townsend,4,3,32,0,4,0:42,Win,Light Heavyweight,642,10.7
560,Amanda Ribas,Rear Naked Choke,SUB,Emily Whitmire,3,2,21,2,2,2:10,Win,Women's Strawweight,430,7.166666666666667
562,Maurice Greene,Punch,KO/TKO,Junior Albini,2,1,37,0,0,3:38,Win,Heavyweight,218,3.6333333333333333
564,Chan Sung Jung,Punch,KO/TKO,Renato Moicano,2,1,16,0,0,0:58,Win,Featherweight,58,0.9666666666666667
566,Randy Brown,Kick,KO/TKO,Bryan Barberena,0,3,89,0,0,2:54,Win,Welterweight,774,12.9
568,Andre Ewell,,U-DEC,Anderson Dos Santos,0,3,73,0,0,5:00,Win,Bantamweight,900,15.0
570,Andrea Lee,,U-DEC,Montana De La Rosa,2,3,73,0,1,5:00,Win,Women's Flyweight,900,15.0
572,Kevin Holland,,U-DEC,Alessio Di Chirico,0,3,58,0,0,5:00,Win,Middleweight,900,15.0
574,Dan Ige,,U-DEC,Kevin Aguilar,3,3,71,0,1,5:00,Win,Featherweight,900,15.0
576,Ashley Yoder,,U-DEC,Syuri Kondo,8,3,75,0,1,5:00,Win,Women's Strawweight,900,15.0
578,Luis Pena,Punches,KO/TKO,Matt Wiman,7,3,87,1,1,1:14,Win,Lightweight,674,11.233333333333333
580,Jairzinho Rozenstruik,Punches,KO/TKO,Allen Crowder,0,1,4,0,0,0:09,Win,Heavyweight,9,0.15
582,Molly McCann,,U-DEC,Ariane Lipski,2,3,108,0,2,5:00,Win,Women's Flyweight,900,15.0
584,Deron Winn,,U-DEC,Eric Spicely,0,3,169,0,0,5:00,Win,Middleweight,900,15.0
586,Henry Cejudo,Punches,KO/TKO,Marlon Moraes,1,3,90,1,1,4:51,Win,Bantamweight,891,14.85
588,Valentina Shevchenko,Kick,KO/TKO,Jessica Eye,3,2,8,1,2,0:26,Win,Women's Flyweight,326,5.433333333333334
590,Tony Ferguson,,KO/TKO,Donald Cerrone,0,2,104,0,0,5:00,Win,Lightweight,600,10.0
592,Petr Yan,,U-DEC,Jimmie Rivera,1,3,56,0,1,5:00,Win,Bantamweight,900,15.0
594,Blagoy Ivanov,,U-DEC,Tai Tuivasa,0,3,73,0,2,5:00,Win,Heavyweight,900,15.0
596,Tatiana Suarez,,U-DEC,Nina Ansaroff,2,3,75,0,4,5:00,Win,Women's Strawweight,900,15.0
598,Aljamain Sterling,,U-DEC,Pedro Munhoz,0,3,174,0,0,5:00,Win,Bantamweight,900,15.0
600,Alexa Grasso,,U-DEC,Karolina Kowalkiewicz,0,3,148,1,0,5:00,Win,Women's Strawweight,900,15.0
602,Calvin Kattar,Punch,KO/TKO,Ricardo Lamas,0,1,22,0,0,4:06,Win,Featherweight,246,4.1
604,Xiaonan Yan,,U-DEC,Angela Hill,1,3,94,0,1,5:00,Win,Women's Strawweight,900,15.0
606,Darren Stewart,,U-DEC,Bevon Lewis,0,3,30,0,0,5:00,Win,Middleweight,900,15.0
608,Eddie Wineland,Punch,KO/TKO,Grigorii Popov,0,2,74,0,0,4:47,Win,Bantamweight,587,9.783333333333333
610,Katlyn Chookagian,,U-DEC,Joanne Calderwood,0,3,82,0,0,5:00,Win,Women's Flyweight,900,15.0
612,Anthony Smith,Rear Naked Choke,SUB,Alexander Gustafsson,1,4,49,1,0,2:38,Win,Light Heavyweight,1058,17.633333333333333
614,Aleksandar Rakic,Kick,KO/TKO,Jimi Manuwa,0,1,2,0,0,0:47,Win,Light Heavyweight,47,0.7833333333333333
616,Makwan Amirkhani,Anaconda Choke,SUB,Chris Fishgold,2,2,9,1,1,4:25,Win,Featherweight,565,9.416666666666666
618,Christos Giagos,,U-DEC,Damir Hadzovic,3,3,47,0,6,5:00,Win,Lightweight,900,15.0
620,Daniel Teymur,,U-DEC,Sung Bin Jo,0,3,40,0,1,5:00,Win,Featherweight,900,15.0
622,Sergey Khandozhko,,U-DEC,Rostem Akman,1,3,60,0,1,5:00,Win,Welterweight,900,15.0
624,Lina Lansberg,,U-DEC,Tonya Evinger,2,3,50,0,1,5:00,Win,Women's Bantamweight,900,15.0
626,Leonardo Santos,Punch,KO/TKO,Stevie Ray,0,1,12,0,0,2:17,Win,Lightweight,137,2.283333333333333
628,Frank Camacho,Punches,KO/TKO,Nick Hein,0,2,100,0,0,4:56,Win,Lightweight,596,9.933333333333334
630,Bea Malecki,Rear Naked Choke,SUB,Duda Santana,1,2,19,2,0,1:59,Win,Women's Bantamweight,419,6.983333333333333
632,Devin Clark,,U-DEC,Darko Stosic,0,3,40,0,2,5:00,Win,Light Heavyweight,900,15.0
634,Joel Alvarez,Punches,KO/TKO,Danilo Belluardo,1,2,19,0,0,2:22,Win,Lightweight,442,7.366666666666666
636,Rafael Dos Anjos,Arm Triangle,SUB,Kevin Lee,4,4,60,1,4,3:47,Win,Welterweight,1127,18.783333333333335
638,Ian Heinisch,,U-DEC,Antonio Carlos Junior,5,3,39,0,1,5:00,Win,Middleweight,900,15.0
640,Felicia Spencer,Rear Naked Choke,SUB,Megan Anderson,1,1,22,1,1,3:24,Win,Women's Featherweight,204,3.4
642,Vicente Luque,Punch,KO/TKO,Derrick Krantz,0,1,18,0,0,3:52,Win,Welterweight,232,3.8666666666666667
644,Charles Oliveira,Punch,KO/TKO,Nik Lentz,3,2,38,1,0,2:11,Win,Lightweight,431,7.183333333333334
646,Davi Ramos,,U-DEC,Austin Hubbard,3,3,63,0,3,5:00,Win,Lightweight,900,15.0
648,Aspen Ladd,,U-DEC,Sijara Eubanks,6,3,69,3,3,5:00,Win,Women's Bantamweight,900,15.0
650,Desmond Green,,U-DEC,Charles Jourdain,1,3,78,0,4,5:00,Win,Lightweight,900,15.0
652,Michel Pereira,Flying Knee,KO/TKO,Danny Roberts,0,1,6,0,0,1:47,Win,Welterweight,107,1.7833333333333334
654,Grant Dawson,Rear Naked Choke,SUB,Michael Trizano,4,2,27,1,3,2:27,Win,Featherweight,447,7.45
656,Ed Herman,Knee,KO/TKO,Patrick Cummins,0,1,11,0,0,3:39,Win,Light Heavyweight,219,3.65
658,Zak Cummings,Guillotine Choke,SUB,Trevin Giles,0,3,34,1,0,4:01,Win,Middleweight,841,14.016666666666667
660,Julio Arce,Kick,KO/TKO,Julian Erosa,0,3,74,0,1,1:49,Win,Featherweight,709,11.816666666666666
662,Jessica Andrade,Slam,KO/TKO,Rose Namajunas,0,2,47,0,2,2:58,Win,Women's Strawweight,478,7.966666666666667
664,Jared Cannonier,Kick,KO/TKO,Anderson Silva,0,1,17,0,0,4:47,Win,Middleweight,287,4.783333333333333
666,Alexander Volkanovski,,U-DEC,Jose Aldo,0,3,95,0,0,5:00,Win,Featherweight,900,15.0
668,Laureano Staropoli,,U-DEC,Thiago Alves,0,3,54,0,1,5:00,Win,Welterweight,900,15.0
670,Irene Aldana,Armbar,SUB,Bethe Correia,1,3,83,1,0,3:24,Win,Women's Bantamweight,804,13.4
672,Ryan Spann,Punch,KO/TKO,Rogerio Nogueira,1,1,13,1,1,2:07,Win,Light Heavyweight,127,2.1166666666666667
674,Thiago Moises,,U-DEC,Kurt Holobaugh,4,3,66,1,4,5:00,Win,Lightweight,900,15.0
676,Warlley Alves,Punch,KO/TKO,Sergio Moraes,0,3,72,0,0,4:13,Win,Welterweight,853,14.216666666666667
678,Clay Guida,,U-DEC,BJ Penn,0,3,80,0,1,5:00,Win,Lightweight,900,15.0
680,Luana Carolina,,U-DEC,Priscila Cachoeira,1,3,111,3,0,5:00,Win,Women's Flyweight,900,15.0
682,Raoni Barcelos,Elbows,KO/TKO,Carlos Huachin,3,2,59,1,0,4:49,Win,Bantamweight,589,9.816666666666666
684,Viviane Araujo,Punch,KO/TKO,Talita Bernardo,3,3,61,0,3,0:48,Win,Women's Bantamweight,648,10.8
686,Donald Cerrone,,U-DEC,Al Iaquinta,0,5,138,0,0,5:00,Win,Lightweight,1500,25.0
688,Derek Brunson,,U-DEC,Elias Theodorou,5,3,56,0,4,5:00,Win,Middleweight,900,15.0
690,Shane Burgos,,S-DEC,Cub Swanson,0,3,134,0,0,5:00,Win,Featherweight,900,15.0
692,Merab Dvalishvili,,U-DEC,Brad Katona,3,3,55,0,5,5:00,Win,Bantamweight,900,15.0
694,Walt Harris,Knees,KO/TKO,Serghei Spivac,0,1,17,0,0,0:50,Win,Heavyweight,50,0.8333333333333334
696,Andrew Sanchez,,U-DEC,Marc-Andre Barriault,3,3,72,0,2,5:00,Win,Middleweight,900,15.0
698,Macy Chiasson,Punches,KO/TKO,Sarah Moras,3,2,43,0,0,2:22,Win,Women's Bantamweight,442,7.366666666666666
700,Vince Morales,,U-DEC,Aiemann Zahabi,0,3,59,0,0,5:00,Win,Bantamweight,900,15.0
702,Nordine Taleb,,U-DEC,Kyle Prepolec,0,3,90,0,0,5:00,Win,Welterweight,900,15.0
704,Matt Sayles,Arm Triangle,SUB,Kyle Nelson,3,3,75,1,0,3:16,Win,Featherweight,796,13.266666666666667
706,Arjan Bhullar,,U-DEC,Juan Adams,2,3,41,0,2,5:00,Win,Heavyweight,900,15.0
708,Cole Smith,,U-DEC,Mitch Gagnon,2,3,38,2,2,5:00,Win,Bantamweight,900,15.0
710,Jack Hermansson,,U-DEC,Jacare Souza,1,5,148,1,3,5:00,Win,Middleweight,1500,25.0
712,Greg Hardy,Punches,KO/TKO,Dmitrii Smoliakov,0,1,14,0,0,2:15,Win,Heavyweight,135,2.25
714,Mike Perry,,U-DEC,Alex Oliveira,1,3,65,0,0,5:00,Win,Welterweight,900,15.0
716,Glover Teixeira,Rear Naked Choke,SUB,Ion Cutelaba,3,2,30,1,0,3:37,Win,Light Heavyweight,517,8.616666666666667
718,Cory Sandhagen,,S-DEC,John Lineker,0,3,120,0,2,5:00,Win,Bantamweight,900,15.0
720,Roosevelt Roberts,,U-DEC,Thomas Gifford,6,3,53,0,2,5:00,Win,Lightweight,900,15.0
722,Takashi Sato,Elbows,KO/TKO,Ben Saunders,0,2,28,0,0,1:18,Win,Welterweight,378,6.3
724,Augusto Sakai,,S-DEC,Andrei Arlovski,0,3,42,0,0,5:00,Win,Heavyweight,900,15.0
726,Carla Esparza,,U-DEC,Virna Jandiroba,3,3,25,0,4,5:00,Win,Women's Strawweight,900,15.0
728,Gilbert Burns,Rear Naked Choke,SUB,Mike Davis,4,2,49,1,3,4:15,Win,Lightweight,555,9.25
730,Jim Miller,Rear Naked Choke,SUB,Jason Gonzalez,1,1,6,1,2,2:12,Win,Lightweight,132,2.2
732,Angela Hill,,U-DEC,Jodie Esquibel,0,3,117,0,0,5:00,Win,Women's Strawweight,900,15.0
734,Dhiego Lima,,S-DEC,Court McGee,0,3,65,0,0,5:00,Win,Welterweight,900,15.0
736,Alistair Overeem,Knee,KO/TKO,Aleksei Oleinik,0,1,29,0,0,4:45,Win,Heavyweight,285,4.75
738,Islam Makhachev,,U-DEC,Arman Tsarukyan,2,3,14,0,4,5:00,Win,Lightweight,900,15.0
740,Sergei Pavlovich,Punches,KO/TKO,Marcelo Golm,0,1,17,0,0,1:06,Win,Heavyweight,66,1.1
742,Roxanne Modafferi,,S-DEC,Antonina Shevchenko,5,3,33,0,5,5:00,Win,Women's Flyweight,900,15.0
744,Krzysztof Jotko,,U-DEC,Alen Amedovski,5,3,43,0,4,5:00,Win,Middleweight,900,15.0
746,Movsar Evloev,,U-DEC,SeungWoo Choi,1,3,50,0,5,5:00,Win,Featherweight,900,15.0
748,Sultan Aliev,,U-DEC,Keita Nakamura,0,3,25,0,2,5:00,Win,Welterweight,900,15.0
750,Alexander Yakovlev,Other - Choke,SUB,Alex Da Silva,0,2,14,1,1,3:10,Win,Lightweight,490,8.166666666666666
752,Shamil Abdurakhimov,Punches,KO/TKO,Marcin Tybura,0,2,36,0,0,3:15,Win,Heavyweight,495,8.25
754,Michal Oleksiejczuk,Punch,KO/TKO,Gadzhimurad Antigulov,0,1,8,0,0,0:44,Win,Light Heavyweight,44,0.7333333333333333
756,Magomed Mustafaev,Spinning Back Kick,KO/TKO,Rafael Fiziev,0,1,10,0,0,1:26,Win,Lightweight,86,1.4333333333333333
758,Dustin Poirier,,U-DEC,Max Holloway,0,5,178,0,1,5:00,Win,Lightweight,1500,25.0
760,Israel Adesanya,,U-DEC,Kelvin Gastelum,0,5,109,2,0,5:00,Win,Middleweight,1500,25.0
762,Khalil Rountree Jr.,,U-DEC,Eryk Anders,0,3,79,0,0,5:00,Win,Light Heavyweight,900,15.0
764,Dwight Grant,,S-DEC,Alan Jouban,0,3,38,0,0,5:00,Win,Welterweight,900,15.0
766,Nikita Krylov,Rear Naked Choke,SUB,Ovince Saint Preux,2,2,27,2,1,2:30,Win,Light Heavyweight,450,7.5
768,Matt Frevola,,U-DEC,Jalin Turner,7,3,31,2,4,5:00,Win,Lightweight,900,15.0
770,Alexandre Pantoja,Punch,KO/TKO,Wilson Reis,0,1,23,0,0,2:58,Win,Flyweight,178,2.966666666666667
772,Max Griffin,,M-DEC,Zelim Imadaev,2,3,47,3,6,5:00,Win,Welterweight,900,15.0
774,Khalid Taha,Punch,KO/TKO,Boston Salmon,0,1,5,0,0,0:25,Win,Bantamweight,25,0.4166666666666667
776,Belal Muhammad,,U-DEC,Curtis Millender,6,3,47,0,2,5:00,Win,Welterweight,900,15.0
778,Montel Jackson,,U-DEC,Andre Soukhamthath,3,3,64,0,3,5:00,Win,Bantamweight,900,15.0
780,Poliana Botelho,,U-DEC,Lauren Mueller,2,3,47,0,2,5:00,Win,Women's Flyweight,900,15.0
782,Brandon Davis,Rear Naked Choke,SUB,Randy Costa,0,2,35,1,0,1:12,Win,Bantamweight,372,6.2
784,Justin Gaethje,Punch,KO/TKO,Edson Barboza,0,1,20,0,0,2:30,Win,Lightweight,150,2.5
786,Jack Hermansson,Guillotine Choke,SUB,David Branch,1,1,3,1,1,0:49,Win,Middleweight,49,0.8166666666666667
788,Josh Emmett,Punch,KO/TKO,Michael Johnson,0,3,22,0,0,4:14,Win,Featherweight,854,14.233333333333333
790,Michelle Waterson,,U-DEC,Karolina Kowalkiewicz,1,3,64,1,2,5:00,Win,Women's Strawweight,900,15.0
792,Paul Craig,Triangle Choke,SUB,Kennedy Nzechukwu,0,3,25,2,1,4:20,Win,Light Heavyweight,860,14.333333333333334
794,Sodiq Yusuff,,U-DEC,Sheymon Moraes,1,3,73,0,0,5:00,Win,Featherweight,900,15.0
796,Marina Rodriguez,,U-DEC,Jessica Aguilar,0,3,118,0,0,5:00,Win,Women's Strawweight,900,15.0
798,Desmond Green,Punches,KO/TKO,Ross Pearson,0,1,25,0,1,2:52,Win,Lightweight,172,2.8666666666666667
800,Kevin Aguilar,,U-DEC,Enrique Barzola,0,3,58,0,0,5:00,Win,Featherweight,900,15.0
802,Kevin Holland,,S-DEC,Gerald Meerschaert,4,3,27,2,1,5:00,Win,Middleweight,900,15.0
804,Casey Kenney,,U-DEC,Ray Borg,4,3,32,0,2,5:00,Win,Bantamweight,900,15.0
806,Maryna Moroz,,U-DEC,Sabina Mazo,0,3,56,0,1,5:00,Win,Women's Flyweight,900,15.0
808,Alex Perez,,U-DEC,Mark De La Rosa,1,3,60,0,2,5:00,Win,Bantamweight,900,15.0
810,Anthony Pettis,Punch,KO/TKO,Stephen Thompson,0,2,32,0,0,4:55,Win,Welterweight,595,9.916666666666666
812,Curtis Blaydes,,U-DEC,Justin Willis,4,3,22,0,7,5:00,Win,Heavyweight,900,15.0
814,John Makdessi,,U-DEC,Jesus Pinedo,0,3,73,0,0,5:00,Win,Lightweight,900,15.0
816,Jussier Formiga,,U-DEC,Deiveson Figueiredo,7,3,26,0,3,5:00,Win,Flyweight,900,15.0
818,Luis Pena,,U-DEC,Steven Peterson,1,3,52,0,1,5:00,Win,Featherweight,900,15.0
820,Maycee Barber,Punches,KO/TKO,JJ Aldrich,0,2,55,0,0,3:01,Win,Women's Flyweight,481,8.016666666666667
822,Bryce Mitchell,,U-DEC,Bobby Moffett,1,3,17,2,0,5:00,Win,Featherweight,900,15.0
824,Marlon Vera,Punch,KO/TKO,Frankie Saenz,0,1,12,0,0,1:25,Win,Bantamweight,85,1.4166666666666667
826,Jennifer Maia,,U-DEC,Alexis Davis,0,3,60,0,0,5:00,Win,Women's Flyweight,900,15.0
828,Randa Markos,Armbar,SUB,Angela Hill,2,1,13,1,1,4:24,Win,Women's Strawweight,264,4.4
830,Chris Gutierrez,,U-DEC,Ryan MacDonald,0,3,69,0,0,5:00,Win,Bantamweight,900,15.0
832,Jordan Espinosa,,U-DEC,Eric Shelton,0,3,47,0,1,5:00,Win,Flyweight,900,15.0
834,Jorge Masvidal,Punch,KO/TKO,Darren Till,0,2,35,0,1,3:05,Win,Welterweight,485,8.083333333333334
836,Leon Edwards,,S-DEC,Gunnar Nelson,1,3,31,0,2,5:00,Win,Welterweight,900,15.0
838,Dominick Reyes,,S-DEC,Volkan Oezdemir,0,3,44,0,0,5:00,Win,Light Heavyweight,900,15.0
840,Nathaniel Wood,Rear Naked Choke,SUB,Jose Quinonez,3,2,30,2,2,2:46,Win,Bantamweight,466,7.766666666666667
842,Claudio Silva,Armbar,SUB,Danny Roberts,5,3,19,4,3,2:37,Win,Welterweight,757,12.616666666666667
844,Jack Marshman,,S-DEC,John Phillips,0,3,31,0,0,5:00,Win,Middleweight,900,15.0
846,Arnold Allen,,U-DEC,Jordan Rinaldi,0,3,37,0,0,5:00,Win,Featherweight,900,15.0
848,Marc Diakiese,,U-DEC,Joe Duffy,2,3,63,0,3,5:00,Win,Lightweight,900,15.0
850,Saparbeg Safarov,,U-DEC,Nicolae Negumereanu,7,3,70,0,3,5:00,Win,Light Heavyweight,900,15.0
852,Dan Ige,Rear Naked Choke,SUB,Danny Henry,1,1,10,1,1,1:17,Win,Featherweight,77,1.2833333333333334
854,Molly McCann,,U-DEC,Priscila Cachoeira,2,3,107,2,2,5:00,Win,Women's Flyweight,900,15.0
856,Mike Grundy,Punches,KO/TKO,Nad Narimani,1,2,33,0,1,4:42,Win,Featherweight,582,9.7
858,Junior Dos Santos,Punches,KO/TKO,Derrick Lewis,0,2,29,0,0,1:58,Win,Heavyweight,418,6.966666666666667
860,Elizeu Zaleski dos Santos,Rear Naked Choke,SUB,Curtis Millender,2,1,6,1,1,2:35,Win,Welterweight,155,2.5833333333333335
862,Niko Price,Punch,KO/TKO,Tim Means,0,1,32,0,0,4:50,Win,Welterweight,290,4.833333333333333
864,Blagoy Ivanov,,U-DEC,Ben Rothwell,0,3,72,0,0,5:00,Win,Heavyweight,900,15.0
866,Beneil Dariush,Armbar,SUB,Drew Dober,4,2,37,1,2,4:41,Win,Lightweight,581,9.683333333333334
868,Omari Akhmedov,,U-DEC,Tim Boetsch,0,3,52,0,0,5:00,Win,Middleweight,900,15.0
870,Anthony Rocco Martin,,U-DEC,Sergio Moraes,1,3,50,0,0,5:00,Win,Welterweight,900,15.0
872,Yana Kunitskaya,,U-DEC,Marion Reneau,0,3,98,0,1,5:00,Win,Women's Bantamweight,900,15.0
874,Grant Dawson,,U-DEC,Julian Erosa,5,3,57,1,6,5:00,Win,Featherweight,900,15.0
876,Maurice Greene,,S-DEC,Jeff Hughes,0,3,70,0,0,5:00,Win,Heavyweight,900,15.0
878,Matt Schnell,Triangle Choke,SUB,Louis Smolka,1,1,14,2,1,3:18,Win,Bantamweight,198,3.3
880,Alex Morono,Elbows,KO/TKO,Zak Ottow,2,1,25,1,0,3:34,Win,Welterweight,214,3.566666666666667
882,Alex White,,U-DEC,Dan Moret,0,3,49,3,2,5:00,Win,Lightweight,900,15.0
884,Jon Jones,,U-DEC,Anthony Smith,0,5,125,0,3,5:00,Win,Light Heavyweight,1500,25.0
886,Kamaru Usman,,U-DEC,Tyron Woodley,7,5,141,0,2,5:00,Win,Welterweight,1500,25.0
888,Ben Askren,Other - Choke,SUB,Robbie Lawler,0,1,0,1,1,3:20,Win,Welterweight,200,3.3333333333333335
890,Weili Zhang,,U-DEC,Tecia Torres,4,3,63,0,2,5:00,Win,Women's Strawweight,900,15.0
892,Pedro Munhoz,Punch,KO/TKO,Cody Garbrandt,1,1,25,0,0,4:52,Win,Bantamweight,292,4.866666666666666
894,Zabit Magomedsharipov,,U-DEC,Jeremy Stephens,4,3,70,0,3,5:00,Win,Featherweight,900,15.0
896,Johnny Walker,Flying Knee,KO/TKO,Misha Cirkunov,0,1,4,0,0,0:36,Win,Light Heavyweight,36,0.6
898,Cody Stamann,,U-DEC,Alejandro Perez,0,3,48,0,0,5:00,Win,Bantamweight,900,15.0
900,Diego Sanchez,Punches,KO/TKO,Mickey Gall,5,2,56,0,4,4:13,Win,Welterweight,553,9.216666666666667
902,Edmen Shahbazyan,Elbows,KO/TKO,Charles Byrd,0,1,13,0,0,0:38,Win,Middleweight,38,0.6333333333333333
904,Macy Chiasson,Punch,KO/TKO,Gina Mazany,0,1,25,0,0,1:49,Win,Women's Bantamweight,109,1.8166666666666667
906,Hannah Cifers,,S-DEC,Polyana Viana,0,3,67,0,0,5:00,Win,Women's Strawweight,900,15.0
908,Thiago Santos,Punch,KO/TKO,Jan Blachowicz,1,3,52,0,1,0:39,Win,Light Heavyweight,639,10.65
910,Stefan Struve,Arm Triangle,SUB,Marcos Rogerio de Lima,2,2,0,1,1,2:21,Win,Heavyweight,441,7.35
912,Michal Oleksiejczuk,Punch,KO/TKO,Gian Villante,0,1,14,0,0,1:34,Win,Light Heavyweight,94,1.5666666666666667
914,Liz Carmouche,,U-DEC,Lucie Pudilova,2,3,14,2,3,5:00,Win,Women's Flyweight,900,15.0
916,Petr Yan,,U-DEC,John Dodson,0,3,80,0,2,5:00,Win,Bantamweight,900,15.0
918,Magomed Ankalaev,,U-DEC,Klidson Abreu,2,3,30,0,1,5:00,Win,Light Heavyweight,900,15.0
920,Dwight Grant,Punch,KO/TKO,Carlo Pedersoli,0,1,20,0,0,4:59,Win,Welterweight,299,4.983333333333333
922,Chris Fishgold,Rear Naked Choke,SUB,Daniel Teymur,5,2,14,2,5,1:10,Win,Featherweight,370,6.166666666666667
924,Gillian Robertson,Rear Naked Choke,SUB,Veronica Macedo,7,2,5,1,2,3:27,Win,Women's Flyweight,507,8.45
926,Damir Hadzovic,Punches,KO/TKO,Polo Reyes,3,2,58,0,2,2:03,Win,Lightweight,423,7.05
928,Ismail Naurdiev,,U-DEC,Michel Prazeres,4,3,63,1,0,5:00,Win,Welterweight,900,15.0
930,Diego Ferreira,,U-DEC,Rustam Khabilov,0,3,83,1,0,5:00,Win,Lightweight,900,15.0
932,Damir Ismagulov,,U-DEC,Joel Alvarez,0,3,64,0,0,5:00,Win,Lightweight,900,15.0
934,Francis Ngannou,Punches,KO/TKO,Cain Velasquez,0,1,6,0,0,0:26,Win,Heavyweight,26,0.43333333333333335
936,Paul Felder,,U-DEC,James Vick,0,3,55,0,0,5:00,Win,Lightweight,900,15.0
938,Cynthia Calvillo,,U-DEC,Cortney Casey,0,3,82,0,0,5:00,Win,Women's Strawweight,900,15.0
940,Kron Gracie,Rear Naked Choke,SUB,Alex Caceres,1,1,2,1,1,2:06,Win,Featherweight,126,2.1
942,Vicente Luque,Knee,KO/TKO,Bryan Barberena,1,3,163,2,0,4:54,Win,Welterweight,894,14.9
944,Andre Fili,,U-DEC,Myles Jury,0,3,98,0,0,5:00,Win,Featherweight,900,15.0
946,Aljamain Sterling,,U-DEC,Jimmie Rivera,0,3,101,0,0,5:00,Win,Bantamweight,900,15.0
948,Manny Bermudez,Guillotine Choke,SUB,Benito Lopez,2,1,7,1,1,3:09,Win,Bantamweight,189,3.15
950,Andrea Lee,,U-DEC,Ashlee Evans-Smith,0,3,111,0,0,5:00,Win,Women's Flyweight,900,15.0
952,Nik Lentz,,U-DEC,Scott Holtzman,2,3,71,1,5,5:00,Win,Lightweight,900,15.0
954,Luke Sanders,Punch,KO/TKO,Renan Barao,0,2,39,0,0,1:01,Win,Bantamweight,361,6.016666666666667
956,Emily Whitmire,Rear Naked Choke,SUB,Alexandra Albu,2,1,3,1,1,1:01,Win,Women's Strawweight,61,1.0166666666666666
958,Israel Adesanya,,U-DEC,Anderson Silva,0,3,65,0,0,5:00,Win,Middleweight,900,15.0
960,Lando Vannata,Kimura,SUB,Marcos Mariano,2,1,20,1,1,4:55,Win,Lightweight,295,4.916666666666667
962,Ricky Simon,,U-DEC,Rani Yahya,2,3,54,0,4,5:00,Win,Bantamweight,900,15.0
964,Montana De La Rosa,Armbar,SUB,Nadia Kassem,7,2,21,3,2,2:37,Win,Women's Flyweight,457,7.616666666666666
966,Jimmy Crute,Punches,KO/TKO,Sam Alvey,0,1,14,0,0,2:49,Win,Light Heavyweight,169,2.816666666666667
968,Devonte Smith,Punch,KO/TKO,Dong Hyun Ma,0,1,19,0,0,3:53,Win,Lightweight,233,3.8833333333333333
970,Shane Young,,U-DEC,Austin Arnett,0,3,120,0,0,5:00,Win,Featherweight,900,15.0
972,Kai Kara-France,,S-DEC,Raulian Paiva,0,3,58,0,2,5:00,Win,Flyweight,900,15.0
974,Kyung Ho Kang,Rear Naked Choke,SUB,Teruto Ishihara,1,1,26,1,1,3:59,Win,Bantamweight,239,3.9833333333333334
976,Jalin Turner,Kick,KO/TKO,Callan Potter,1,1,9,0,0,0:53,Win,Lightweight,53,0.8833333333333333
978,Jonathan Martinez,,U-DEC,Wuliji Buren,4,3,47,0,1,5:00,Win,Bantamweight,900,15.0
980,Marlon Moraes,Guillotine Choke,SUB,Raphael Assuncao,2,1,10,1,0,3:17,Win,Bantamweight,197,3.283333333333333
982,Jose Aldo,Punches,KO/TKO,Renato Moicano,0,2,26,0,0,0:44,Win,Featherweight,344,5.733333333333333
984,Demian Maia,Rear Naked Choke,SUB,Lyman Good,1,1,0,2,2,2:38,Win,Welterweight,158,2.6333333333333333
986,Charles Oliveira,Anaconda Choke,SUB,David Teymur,1,2,28,1,1,0:55,Win,Lightweight,355,5.916666666666667
988,Johnny Walker,Spinning Back Fist,KO/TKO,Justin Ledet,0,1,7,0,0,0:15,Win,Light Heavyweight,15,0.25
990,Livinha Souza,,S-DEC,Sarah Frota,2,3,23,3,4,5:00,Win,Women's Strawweight,900,15.0
992,Markus Perez,Anaconda Choke,SUB,Anthony Hernandez,1,2,16,1,1,1:07,Win,Middleweight,367,6.116666666666666
994,Mara Romero Borella,,S-DEC,Taila Santos,2,3,29,0,2,5:00,Win,Women's Flyweight,900,15.0
996,Thiago Alves,,S-DEC,Max Griffin,0,3,83,0,0,5:00,Win,Welterweight,900,15.0
998,Jairzinho Rozenstruik,Kick,KO/TKO,Junior Albini,0,2,19,0,0,0:54,Win,Heavyweight,354,5.9
1000,Geraldo de Freitas,,U-DEC,Felipe Colares,11,3,49,0,6,5:00,Win,Featherweight,900,15.0
1002,Said Nurmagomedov,Spinning Back Kick,KO/TKO,Ricardo Ramos,0,1,17,0,0,2:28,Win,Bantamweight,148,2.466666666666667
1004,Rogerio Bontorin,,S-DEC,Magomed Bibulatov,2,3,40,2,1,5:00,Win,Flyweight,900,15.0
1006,Henry Cejudo,Punches,KO/TKO,TJ Dillashaw,0,1,18,0,0,0:32,Win,Flyweight,32,0.5333333333333333
1008,Allen Crowder,,DQ,Greg Hardy,2,2,12,1,1,2:28,Win,Heavyweight,448,7.466666666666667
1010,Gregor Gillespie,Punches,KO/TKO,Yancy Medeiros,7,2,51,0,6,4:59,Win,Lightweight,599,9.983333333333333
1012,Joseph Benavidez,,U-DEC,Dustin Ortiz,2,3,21,0,7,5:00,Win,Flyweight,900,15.0
1014,Paige VanZant,Armbar,SUB,Rachael Ostovich,1,2,17,2,0,1:50,Win,Women's Flyweight,410,6.833333333333333
1016,Glover Teixeira,Arm Triangle,SUB,Karl Roberson,3,1,6,1,1,3:21,Win,Light Heavyweight,201,3.35
1018,Donald Cerrone,Kick,KO/TKO,Alexander Hernandez,0,2,80,0,1,3:43,Win,Lightweight,523,8.716666666666667
1020,Joanne Calderwood,,U-DEC,Ariane Lipski,4,3,85,2,1,5:00,Win,Women's Flyweight,900,15.0
1022,Alonzo Menifield,Punch,KO/TKO,Vinicius Moreira,0,1,33,0,0,3:56,Win,Light Heavyweight,236,3.933333333333333
1024,Cory Sandhagen,Armbar,SUB,Mario Bautista,2,1,17,2,1,3:31,Win,Bantamweight,211,3.5166666666666666
1026,Dennis Bermudez,,U-DEC,Te Edwards,8,3,63,2,5,5:00,Win,Lightweight,900,15.0
1028,Geoff Neal,,U-DEC,Belal Muhammad,0,3,71,0,0,5:00,Win,Welterweight,900,15.0
1030,Chance Rencountre,Rear Naked Choke,SUB,Kyle Stewart,1,1,6,1,2,2:25,Win,Welterweight,145,2.4166666666666665
